carnet,nombres,apellidos,genero,fechaNacimiento,esBecado
1791351166,Cam,Beretta,Masculino,6/2/1981,No
8822450477,Alexina,Butterfill,Femenino,5/2/1984,Si
2033692922,Aprilette,Willgress,Femenino,10/14/2001,No
7088171473,Johnny,Spikeings,Masculino,12/17/1982,No
7719763688,Rheta,Aldrin,Femenino,5/13/1985,No
6642457099,Arlee,Sockell,Femenino,6/7/2000,No
1241316643,Beatrisa,Beal,Femenino,12/18/1990,No
2595610562,Merridie,Schimonek,Femenino,9/3/2002,Si
1053174152,Jean,Firbank,Masculino,6/16/1981,Si
5928163967,Carlita,Vanichev,Femenino,10/22/2005,No
5579668244,Gaston,Heckney,Masculino,2/25/1984,Si
9381265658,Nissy,Kitchinghan,Femenino,2/20/1998,No
2631083636,Barnie,Down,Masculino,8/1/2004,No
2675264539,Kim,Gloyens,Femenino,11/27/1992,Si
8262163060,Reggie,Oake,Masculino,4/25/1997,Si
7221606005,Geraldine,Goody,Femenino,3/11/2008,No
4790248682,Ave,Stobbart,Masculino,12/15/1984,Si
7025374903,Julita,Pourveer,Femenino,10/5/1985,No
1407010999,Sheelagh,Seaking,Femenino,6/13/2013,No
6873000310,Theo,McGaraghan,Femenino,11/27/1988,No
3564119469,Muriel,Southcombe,Femenino,10/8/2005,No
5932013346,Keri,Hanstock,Femenino,10/16/2013,No
6074827710,Zsa zsa,Van der Krui,Femenino,7/9/1985,No
1591707315,Sid,Linkie,Masculino,4/15/2010,Si
4258208655,Godfrey,Crighten,Masculino,3/7/2012,Si
5408728544,Rudd,Dahlborg,Masculino,10/10/1984,Si
1278330720,Frederik,Grave,Masculino,2/9/2012,Si
5971080814,Brooke,Gimber,Femenino,12/17/1999,No
7413404818,Bartie,Fulleylove,Masculino,6/9/1998,No
6249628037,Mead,Escalante,Masculino,3/28/1996,Si
4902997584,Rosabella,Hardiman,Femenino,8/29/1994,No
6842750954,Gleda,Sainte Paul,Femenino,7/9/2009,Si
6851631148,Tessi,O'Doherty,Femenino,4/21/2015,Si
2601109963,Ilyssa,Dumphy,Femenino,3/2/1989,No
0638356423,Lauree,Fine,Femenino,12/19/1993,Si
6660589678,Haze,Hughs,Masculino,3/19/2007,Si
6605973852,Loralee,Bristo,Femenino,6/14/2002,Si
4857569310,Anatollo,Lightfoot,Masculino,5/19/1994,No
6620231748,Alick,Sent,Masculino,4/25/2005,No
9011357345,Glenden,Briand,Masculino,1/10/2012,No
9223566347,Nolly,Cortin,Masculino,7/8/1990,No
9217971235,Artus,Oldcroft,Masculino,7/14/1990,No
0019864078,Merna,Gleaves,Femenino,11/8/1983,Si
5059187888,Tremaine,Erbain,Masculino,1/26/2009,No
3374487467,Hale,Boddice,Masculino,12/11/1982,Si
4089777852,Melba,Eddis,Femenino,6/3/1984,Si
3511478154,Rochella,Moses,Femenino,10/1/1997,No
1157324312,Min,Horrod,Femenino,9/8/1992,No
2092852035,Page,Pyatt,Masculino,8/17/2005,No
2865662551,Dulce,Critch,Femenino,3/13/1997,Si
6866503043,Tallie,Fairhead,Femenino,10/19/1995,Si
3962784373,Mollie,Petchell,Femenino,2/22/1989,No
3637409437,Kaleb,Syrad,Masculino,4/7/2007,Si
1197470484,Giorgio,Fellini,Masculino,10/29/1982,No
5059141489,Shandy,O'Dowd,Femenino,5/6/2014,Si
2880789001,Patrick,McHenry,Masculino,2/22/2008,Si
9316297745,Vaclav,Lecointe,Masculino,4/11/2001,No
1399430467,Zack,Cattermull,Masculino,1/26/2008,Si
6206567214,Venus,Garrattley,Femenino,7/22/2008,Si
1661632661,Maybelle,Glynn,Femenino,8/17/2014,Si
5108254407,Kirsti,Sawtell,Femenino,3/20/2004,Si
9264427813,Jud,Lawson,Masculino,5/15/1984,No
7419771316,Evan,Gallyon,Masculino,1/15/2006,Si
7729943360,Joana,Augustus,Femenino,2/11/1990,No
7986622830,Doyle,Bampkin,Masculino,9/13/1993,Si
8097531674,Pat,MacDermott,Masculino,5/29/1989,Si
3919513150,Abdul,Jodlowski,Masculino,10/30/2007,No
5917800146,Bartlet,Meek,Masculino,7/2/1995,No
6666129008,Heida,Tinner,Femenino,8/13/1994,No
5401527675,Alistair,Arnaudin,Masculino,12/18/1986,Si
2308720530,Jenna,Camoys,Femenino,4/29/1988,Si
5955443800,Donny,Bercevelo,Femenino,6/26/2012,Si
2854945263,Cello,Sexon,Masculino,3/5/1993,No
6451928984,Judon,Krahl,Masculino,7/24/1986,No
7121513617,Townie,Michael,Masculino,12/28/1999,Si
1910155349,Iona,Loudian,Femenino,3/10/1985,Si
9012917158,Stanislas,Haddon,Masculino,11/15/1990,Si
3533799700,Prinz,Merryman,Masculino,7/11/1987,Si
0010776729,Redd,Wadge,Masculino,7/21/1985,Si
7332417766,Filippa,Duplain,Femenino,5/28/1983,No
6747801148,Pollyanna,Nicholson,Femenino,3/4/2012,Si
8339151797,Shaine,Jubert,Masculino,12/27/1983,No
0226300773,Jasen,Duffell,Masculino,1/18/1992,Si
5789885748,Ephraim,Humber,Masculino,9/30/1981,Si
1418983470,Regen,Probets,Masculino,9/13/1987,Si
5779108846,Mile,Lamborn,Masculino,8/2/2003,Si
9179909906,Constantia,McAline,Femenino,2/4/2003,No
4212818302,Terza,Francescuzzi,Femenino,2/25/2000,No
0307237087,Davita,Merdew,Femenino,6/28/2007,No
7115843961,Gray,Rama,Femenino,3/31/1982,No
9050281494,Mikael,Dooler,Masculino,7/3/1989,Si
6850153986,Kaylil,Lumby,Femenino,9/17/2011,No
1723000256,Codie,Bilbee,Masculino,3/22/2009,Si
8939458680,Martynne,Dorrington,Femenino,12/17/1980,No
0675939445,Edwin,Torresi,Masculino,4/16/1983,No
2730553134,Lotty,Livermore,Femenino,1/16/2008,No
5676095725,Jess,Robotham,Masculino,9/19/2013,No
3634458291,Sondra,Skivington,Femenino,6/13/1990,Si
9870787932,Tiebold,Aiers,Masculino,6/5/1984,No
9077764909,Harris,Elward,Masculino,8/24/1998,No
7843517057,Lars,Clemo,Masculino,6/28/2012,No
2523910977,Eunice,Powles,Femenino,1/14/1994,Si
5548614967,Cathryn,O'Bradain,Femenino,4/18/1992,No
4310056474,Terry,Buttrey,Femenino,7/9/2004,Si
2185335057,Taddeo,McGaughie,Masculino,5/30/1986,No
4665018960,Benjamin,Bearfoot,Masculino,2/1/1994,Si
3557519406,Garner,McCanny,Masculino,9/7/2010,No
8643693677,Yuri,Youll,Masculino,12/25/1981,No
0118762362,Matthew,Wick,Masculino,7/25/1984,No
9573148749,Sylvester,Sheaf,Masculino,11/24/1997,Si
2223899056,Aubine,Deeves,Femenino,2/6/1999,Si
7212046868,Waylon,Titterton,Masculino,5/27/1985,No
7709954464,Meris,Kirkbright,Femenino,10/8/1981,Si
1909759511,Aline,Airth,Femenino,10/7/1992,No
9408179684,Jacky,Yanin,Masculino,6/20/1995,No
7680837856,Remus,Wheelhouse,Masculino,10/6/2002,Si
4614335527,Tabbi,Gilleson,Femenino,1/15/1999,No
7655499160,Jobey,Enser,Femenino,8/2/2007,Si
8283048074,Larry,Quantick,Masculino,5/12/2003,Si
5066292969,Gene,Guitton,Masculino,12/29/1985,No
7045717474,Wilton,Leroy,Masculino,9/20/1981,Si
3135340627,Randi,Mullineux,Femenino,9/2/2005,Si
6238618388,Marielle,Groundwator,Femenino,3/9/1997,No
6683748160,Mackenzie,Ellar,Masculino,3/16/1987,Si
1817126970,Letty,Pagelsen,Femenino,5/30/2006,No
6904204702,Cordie,Vinton,Femenino,6/26/2001,Si
1785553798,Blanche,Demcik,Femenino,11/6/1994,No
9033383128,Kenyon,Derr,Masculino,4/28/2014,Si
9344875073,Wye,Shipton,Masculino,9/9/1986,No
1861025998,Stanislaw,Dorrance,Masculino,9/3/2012,Si
4170106512,Pauly,Adlam,Masculino,7/10/1997,Si
9310320257,Angeli,Killelay,Masculino,7/8/1983,Si
6778923598,Lanna,Browncey,Femenino,7/29/2003,No
4900015245,Melva,Millam,Femenino,1/14/1990,No
8408668862,Donetta,Kippax,Femenino,10/20/2010,Si
3925195483,Vasili,Eldredge,Masculino,5/19/2002,No
8018202850,Barbabas,Pudner,Masculino,8/27/2010,Si
7999340871,Brendis,Stapleton,Masculino,5/12/1982,No
3667134436,Byrann,Brandacci,Masculino,5/21/2008,No
6666301056,Pattie,Roney,Femenino,4/5/1991,No
3863319095,Jeannie,Peddersen,Femenino,8/2/1989,No
5274518109,Sashenka,Dearsley,Femenino,8/11/1986,Si
9080662038,Gerianna,Whitehouse,Femenino,12/25/1987,Si
4998539302,Burton,Brislan,Masculino,11/6/1998,Si
8719800754,Bay,Laird-Craig,Masculino,6/14/2003,Si
7087850563,Abrahan,Dooly,Masculino,8/10/1999,No
1609023560,Erda,Howship,Femenino,9/26/1988,Si
8855800477,Randee,Elgar,Femenino,3/17/2009,Si
2177006945,Florella,Frangleton,Femenino,8/31/1996,Si
2184387967,Samantha,Oaten,Femenino,6/5/2012,Si
4516794985,Gabriella,Sket,Femenino,2/22/1993,No
0878923144,Nat,Reddan,Masculino,12/8/1983,Si
0367516551,Rupert,Lohering,Masculino,3/3/1990,Si
8031238154,Lib,McFade,Femenino,5/19/2015,Si
0169167755,Clark,Gentreau,Masculino,8/3/1992,No
9206688758,Kenon,Kaasmann,Masculino,8/7/1998,Si
6841551168,Joel,Ford,Masculino,9/25/1991,No
7792772101,Jamison,Crozier,Masculino,10/4/1999,No
1932830014,Kelcey,Pynn,Femenino,12/31/1980,Si
5483591828,Carce,Frankton,Masculino,6/8/1986,Si
9280254995,Melli,Fairn,Femenino,4/24/2013,Si
9592908664,Simone,Kubiak,Femenino,4/25/2009,Si
7333382400,Glendon,Stickles,Masculino,4/11/1999,No
3121802461,Orelee,Tildesley,Femenino,2/21/2007,No
7820658665,Starla,Hill,Femenino,7/21/1985,Si
2782016210,Reg,MacGahey,Masculino,7/18/1992,No
8499207650,Zita,Dureden,Femenino,8/26/1988,No
7071482942,Sibella,Yurchenko,Femenino,1/10/2006,No
6693239765,Archibald,Ascroft,Masculino,12/30/2013,Si
1524147117,Farley,Oaten,Masculino,8/1/1983,No
3248470720,Farris,Zannini,Masculino,12/22/1988,Si
1222252368,Livy,Wiggin,Femenino,11/26/2012,Si
3520303108,Karita,Maylour,Femenino,7/29/1999,No
3111882586,Dorella,Scholey,Femenino,12/31/2012,No
8078313055,Hillier,Freschi,Masculino,12/9/2001,No
5044721867,Eduard,Hasling,Masculino,5/30/2003,No
9805185826,Raoul,Dederick,Masculino,9/20/1996,Si
2135021113,Lyndsie,MacKay,Femenino,11/4/2004,Si
7505764438,Noby,Ritmeier,Masculino,3/10/1985,Si
5793799257,Araldo,Karolewski,Masculino,5/5/2002,Si
0362348189,Em,Ollerhad,Femenino,12/1/2008,Si
4368491513,Lennie,Aylett,Masculino,1/26/1983,No
1328792498,Teirtza,Thurby,Femenino,2/22/1984,Si
7874174364,Aryn,Godier,Femenino,8/8/1996,No
9855661109,Sandy,Loughnan,Femenino,12/21/2009,No
5266743344,Joeann,Brusin,Femenino,5/26/1990,Si
3403729516,Desmond,Wimpey,Masculino,5/20/2007,Si
4947106816,Elmer,Culp,Masculino,10/14/1998,No
7050090263,Celisse,Gossling,Femenino,7/25/1999,No
1249373468,Gilli,Bernardini,Femenino,5/14/1997,Si
2451453222,Derrek,See,Masculino,8/25/1996,No
7020300006,Ugo,Hadleigh,Masculino,1/2/1994,No
1895799007,Nissy,Miquelet,Femenino,1/11/2014,No
2803660768,Roth,Rikkard,Masculino,10/27/1989,Si
5707795219,Randee,Dunleavy,Femenino,1/3/1982,No
8205439079,Imelda,Croster,Femenino,2/18/1982,No
8629526165,Giacomo,Farran,Masculino,6/23/2010,No
0374475717,Agatha,Clayborn,Femenino,5/1/2011,Si
9026595158,Glad,Floweth,Femenino,4/25/2000,No
3348960657,Clim,Telezhkin,Masculino,11/1/2014,Si
2980792640,Hallsy,Deakan,Masculino,6/15/1980,No
0425721752,Alison,Henrionot,Femenino,6/18/1980,No
9306270992,Leonardo,Manneville,Masculino,10/3/1985,No
8358176015,Erena,Beaves,Femenino,6/12/1987,No
9165972953,Leesa,Siss,Femenino,5/17/1995,Si
1669551458,Shurlock,Kobsch,Masculino,10/16/1994,No
9669804639,Octavia,Corneil,Femenino,9/15/2007,Si
9893645697,Gayelord,Toffler,Masculino,11/24/1986,Si
7279468292,Philis,Berge,Femenino,11/21/1998,No
7105027983,Regan,Trasler,Femenino,10/28/2011,Si
2258183154,Micky,Panter,Masculino,12/9/1981,Si
5479086359,Gert,Rowthorne,Femenino,12/15/2000,Si
1718251610,Petr,Felderer,Masculino,8/14/1993,No
0413463362,Alvera,McGiveen,Femenino,6/30/1983,No
6428490714,Sydney,Swadden,Femenino,4/28/1998,Si
6577745781,Almeria,Digg,Femenino,11/27/1984,Si
5328801628,Catherine,Lages,Femenino,8/11/1985,No
9847622280,Kahlil,Blaszczyk,Masculino,3/8/2003,No
5411096421,Viviyan,Belderfield,Femenino,8/11/1980,Si
6001249598,Elana,Tamburo,Femenino,2/18/1999,Si
7827605419,Dukey,Mellenby,Masculino,5/5/1982,No
4497239551,Debera,Woollard,Femenino,12/22/1981,No
6558075369,Tommi,Bardill,Femenino,4/22/2012,Si
2056343266,Stephani,Andriulis,Femenino,1/3/1985,No
7764841692,Cybill,Tinner,Femenino,9/1/1992,No
9362104369,Murdoch,Couronne,Masculino,4/20/2011,No
5450914350,Lyssa,Gammell,Femenino,4/21/1992,No
9484554865,Zed,Thain,Masculino,12/9/2002,No
1641477415,Jed,Tait,Masculino,1/20/1998,Si
7427781570,Delores,Mertgen,Femenino,1/8/2013,Si
5703096332,Shirlene,Minors,Femenino,8/5/1981,No
8916693519,Vally,Ferrarotti,Femenino,3/17/1984,Si
0261877380,Elliott,Dawtry,Masculino,7/17/1984,Si
3629289673,Hamilton,Ringe,Masculino,4/5/2010,Si
3177338469,Flss,Rogeon,Femenino,1/10/1995,Si
1543682715,Ingmar,Bodega,Masculino,2/22/1994,No
1139177710,Emlyn,MacGebenay,Masculino,1/1/1985,No
7262288652,Jesse,Bakeup,Femenino,7/31/1987,Si
1924353830,Gaby,Reyson,Masculino,9/11/1998,Si
4113539049,Melisse,Gallie,Femenino,4/9/2004,Si
1616155566,Devi,Mabey,Femenino,9/24/1995,Si
0574458727,Jennie,Unworth,Femenino,7/9/2004,Si
8687195559,Beverlee,Hellikes,Femenino,11/11/2009,Si
9450857288,Dinny,O'Cridigan,Femenino,2/18/1986,Si
0512424144,Waite,Charlet,Masculino,1/1/1993,Si
1407854127,Thorstein,Monteith,Masculino,12/28/2003,Si
2058851382,Alasdair,Denkin,Masculino,5/22/2005,Si
3711779131,Tannie,Haverty,Masculino,10/18/1998,Si
8876251367,Graehme,Stallwood,Masculino,7/19/2008,No
9503654114,Jude,Elgar,Masculino,2/13/1990,No
7570657594,Jessalyn,Andrelli,Femenino,6/8/1982,Si
4306083454,Aldous,Tott,Masculino,10/8/2009,Si
7432074828,Townsend,Ballingal,Masculino,3/1/1998,Si
8344444993,Kerk,Le Gallo,Masculino,4/23/2015,No
3100351363,Florencia,Bishop,Femenino,10/13/1998,Si
4293311440,Waylen,Spinke,Masculino,11/12/1984,No
6158310050,Mandel,Chiddy,Masculino,12/10/2009,No
4061392107,Romy,Mugleston,Femenino,7/29/1995,Si
4188055510,Moria,Dyka,Femenino,4/22/1995,No
3126691749,Adorne,Bowley,Femenino,1/5/1982,No
5583510668,Fayette,Ivantyev,Femenino,6/13/2004,No
9744140089,Chris,Whitney,Femenino,6/9/2002,Si
1382703090,Elyssa,Rapsey,Femenino,12/30/2000,No
2423771479,Myrtia,Langlands,Femenino,11/11/2008,Si
5707197915,Isadora,Loffel,Femenino,10/30/2005,No
5941362129,Terrie,Peregrine,Femenino,11/22/1997,Si
7560823955,Elvin,Bearfoot,Masculino,2/16/1984,Si
9616808699,Birch,Mounsie,Masculino,1/6/1982,No
6011793657,Mada,Roakes,Femenino,3/24/2001,No
9926147984,Angelika,Findley,Femenino,3/1/2009,Si
9448601301,Gherardo,Girod,Masculino,1/26/2012,No
3367747602,Tom,Bartoszek,Masculino,9/16/2014,Si
1574002333,Lesya,Balmann,Femenino,9/19/1980,Si
4082952810,Evyn,Ornelas,Masculino,4/1/1985,No
8594314183,Gaylord,Gommowe,Masculino,7/24/1985,Si
7893162678,Siouxie,Townley,Femenino,2/1/2001,No
2380542503,Mateo,Shrieves,Masculino,4/19/2014,No
0360263127,Jason,Mattevi,Masculino,11/11/1987,Si
5570882308,Diego,Exon,Masculino,7/4/1984,No
2138667545,Jerrie,Hudghton,Masculino,5/25/2015,No
0950089060,Heindrick,Schaffel,Masculino,4/6/2008,No
5896062931,Michaeline,Lomasney,Femenino,2/26/1985,Si
5052284071,Antoinette,Izkovitz,Femenino,11/17/2004,No
2940905398,Adriaens,Josephoff,Femenino,11/16/2000,No
2482491940,Kara-lynn,Covert,Femenino,12/16/2009,Si
7678721609,Hayes,Hembry,Masculino,6/29/2004,No
3588597069,Cyrillus,Gay,Masculino,2/27/2010,No
2971869555,Mozes,Hanford,Masculino,2/3/1983,Si
6819945264,Weider,Luckings,Masculino,7/29/1987,No
8029518064,Rene,Parriss,Femenino,8/18/2002,No
0474459268,Herbie,Cason,Masculino,11/4/2014,Si
9848207473,Georgy,Bowstead,Masculino,7/6/2002,No
7259395699,Jamal,Jeandin,Masculino,1/21/2005,Si
5652889640,Chandler,Tripe,Masculino,10/6/2005,No
3799818758,Lindy,Broe,Femenino,5/21/2009,No
4305052091,Hyman,Harnott,Masculino,4/11/1982,No
8618473138,Patti,Tennant,Femenino,9/26/1990,Si
3423820764,Darya,Herculson,Femenino,8/31/1996,No
4823263480,Sibilla,Shanklin,Femenino,6/30/1989,Si
6024752806,Stormie,Dabernott,Femenino,5/17/1999,No
2294386140,Veronica,Trahair,Femenino,9/11/1992,No
2145340637,Jarred,Dunbobin,Masculino,1/18/2002,No
8689213554,King,Tonepohl,Masculino,1/26/1983,No
6750702953,Imojean,Boddy,Femenino,5/9/1998,Si
3286992550,Leslie,Cafe,Femenino,5/21/2003,Si
9937395909,Hetti,Stoakley,Femenino,8/28/1985,Si
3322558886,Scot,Castelyn,Masculino,2/27/1997,Si
7446435410,Leonelle,Blum,Femenino,10/24/2013,Si
5695801575,Bernice,Eble,Femenino,11/14/1987,Si
5190120880,Blake,Lloyd,Femenino,5/29/1984,Si
2805254821,Rosalyn,Gyngyll,Femenino,10/25/1982,Si
0005837049,Clovis,Cheesman,Femenino,9/2/2004,No
7306474251,Holmes,Redhouse,Masculino,4/8/2001,No
6915580549,Tiebold,Mannooch,Masculino,5/16/1998,Si
5561840290,Jeana,Taggart,Femenino,5/12/1999,Si
6923392772,Mercie,Dewbury,Femenino,5/11/1992,Si
1255260750,Eustace,Reary,Masculino,11/21/1989,Si
0046117105,Uri,Whetnall,Masculino,2/26/2001,Si
7220130309,Dukie,Brunning,Masculino,8/20/1981,Si
5302400774,Perl,Aiken,Femenino,2/16/2014,Si
7737362606,Cassey,Athridge,Femenino,10/12/1991,Si
2552668933,Catina,Dakers,Femenino,1/2/2006,No
7744362780,Elana,McKinnell,Femenino,7/19/2011,No
0965701026,Alberik,Jozsa,Masculino,3/5/2000,Si
7726363118,Lauri,Strover,Femenino,2/27/1998,No
5802626399,Erhard,Haberfield,Masculino,1/30/1983,No
7128672796,Georgia,Dollard,Femenino,7/20/2011,Si
3161721489,Skyler,Troman,Masculino,7/29/2009,Si
6921916650,Bernadine,Stanyard,Femenino,6/7/2014,No
9330292402,Blythe,Cusick,Femenino,10/12/1997,Si
1556497768,Andy,Rouf,Masculino,8/19/2007,Si
8812597335,Cecilio,Kettlestringes,Masculino,1/11/2009,No
3686558394,Early,Weekley,Masculino,2/11/1989,Si
2712406362,Laural,Pethick,Femenino,12/6/2003,Si
3938732539,Bealle,Dreamer,Masculino,11/16/2013,No
7294602239,Reinaldo,Geard,Masculino,12/15/1994,Si
4296614169,Peta,Tollow,Femenino,6/3/1992,Si
4736398272,Benjy,Alldred,Masculino,7/10/1998,No
7758626475,Pearl,Impey,Femenino,6/10/2009,No
6071291607,Teddie,Clyma,Masculino,12/31/2006,No
9091338555,Darcie,Argrave,Femenino,3/22/1997,Si
1780597819,Bertina,Vaun,Femenino,4/4/1996,No
6314617480,Petrina,Gudge,Femenino,2/17/1986,No
1939051177,Leonanie,Witherbed,Femenino,5/2/2015,Si
7853973489,Vallie,Pescud,Femenino,3/9/2002,No
1798684217,Lamond,Trelease,Masculino,4/23/2001,Si
8013636291,Willy,Dearth,Femenino,11/19/1991,No
5580094078,Paule,Paskins,Femenino,5/13/1992,No
2223697461,Petr,Tebbitt,Masculino,8/18/2013,Si
4584384681,Purcell,Emmens,Masculino,12/11/1994,No
6426030449,Garvey,Plait,Masculino,8/8/1988,No
3947246978,Lilas,Barnfather,Femenino,11/22/2013,No
5445250261,Almira,Shurmore,Femenino,10/24/2004,Si
8412068963,Donetta,McLukie,Femenino,10/15/1989,Si
2813327018,Wilmer,Dax,Masculino,10/24/2009,No
6612282878,Ilka,Curee,Femenino,3/27/1983,Si
2569799513,Pat,Hamnett,Femenino,11/13/2010,Si
8549988383,Robert,Menel,Masculino,9/27/1986,Si
5106930162,Karola,Timson,Femenino,4/14/1986,No
8665693858,Garv,Ready,Masculino,12/7/1992,Si
3360701119,Maribeth,Rudloff,Femenino,4/24/2010,Si
6487920096,Bevvy,Mayor,Femenino,3/16/1994,Si
1722960809,Derick,Meeks,Masculino,2/9/1989,Si
8457166352,Nixie,Maddy,Femenino,9/30/1982,Si
6167649057,Melonie,Cribbott,Femenino,11/26/2005,Si
5125162434,Kaycee,Coggon,Femenino,5/21/1991,No
1749593254,Abraham,Culleton,Masculino,12/7/1999,No
7246662464,Adham,Sisey,Masculino,8/23/1998,Si
9515717817,Gearalt,Roget,Masculino,7/10/1985,No
7423861243,Julianne,Kenworthey,Femenino,11/22/1991,Si
8402727069,Lewes,Goublier,Masculino,1/30/2007,Si
8599342339,Sande,Boon,Femenino,5/3/2015,No
0690262094,Silvano,Phil,Masculino,9/27/1999,No
3980858111,Chevy,Nesbitt,Masculino,11/13/1983,No
2099550999,Roch,Pietruszewicz,Femenino,8/4/2001,Si
8502788132,Nikos,Kendall,Masculino,11/1/2012,No
4769662173,Menard,Greener,Masculino,3/5/1997,Si
1390523020,Jerad,Storrier,Masculino,12/26/1995,Si
3711917194,Kinny,Thouless,Masculino,3/4/2010,Si
9809095597,Patricio,Goodsir,Masculino,3/15/2015,Si
3881427287,Reggi,Vogel,Femenino,10/12/1982,Si
7971825897,Rainer,Symington,Masculino,3/15/2005,Si
3039237659,Ethelbert,Lumly,Masculino,2/9/2008,Si
1171424078,Valle,Agass,Masculino,4/19/1995,Si
1395228108,Jocelyn,Hedon,Femenino,4/22/2007,No
5353714504,Arabel,Tween,Femenino,1/25/2014,No
9637964932,Giordano,Meads,Masculino,2/24/1997,No
6611683194,Kendal,Grivori,Masculino,6/9/2008,No
6350029127,Brooke,Attaway,Masculino,1/7/1994,Si
7323610583,Judd,Aggas,Masculino,1/26/2011,Si
5215464650,Ashla,Everly,Femenino,7/23/1985,No
1282691147,Jessamyn,Fontenot,Femenino,6/14/2006,Si
2570001821,Licha,Orrett,Femenino,10/13/1994,No
6002716793,Roselin,Beentjes,Femenino,7/27/2014,Si
9122280634,Dody,Spini,Femenino,2/19/1986,Si
9435388795,Regan,Bywater,Masculino,8/20/1985,Si
4506435796,Zelda,Tunnadine,Femenino,8/16/2002,No
2411799640,Franz,Laurenz,Masculino,5/27/1990,Si
7525026718,Keen,Laingmaid,Masculino,3/17/2008,No
2887621661,Kenny,Christene,Masculino,7/25/1987,Si
8156362314,Emerson,Hurdis,Masculino,1/6/2007,No
2902898630,Donia,Codman,Femenino,7/1/1981,No
2410427375,Hali,Ellph,Femenino,12/28/2008,No
3158267179,Dina,McGlaughn,Femenino,7/11/1997,No
5458450345,Ignace,Pulsford,Masculino,8/8/1982,No
1144677645,Candida,Carrol,Femenino,8/26/1984,Si
8299814073,Sigfried,Oglevie,Masculino,5/10/2006,Si
2772523616,Lockwood,Bendall,Masculino,7/6/1994,No
0538726482,Farica,Cubbino,Femenino,3/7/2012,Si
9713348699,Putnam,Kennington,Masculino,1/13/2006,No
7677544975,Sylas,Scarman,Masculino,7/28/1982,No
1106231139,Sargent,Khomishin,Masculino,1/20/1985,No
8096929216,Gil,Liccardo,Masculino,4/12/2013,No
8711685743,Con,Bice,Masculino,6/16/1993,Si
5902653096,Emily,Liepina,Femenino,12/26/1981,Si
1998268993,Roosevelt,Kerry,Masculino,6/2/2001,Si
5656682307,Engracia,Isacq,Femenino,1/11/2000,Si
4478085366,Reina,Stanyard,Femenino,10/20/2011,Si
4517179885,Libbie,Potbury,Femenino,11/24/1980,No
6061717814,Gauthier,Banat,Masculino,7/11/2014,Si
6452159984,Gene,Staynes,Masculino,4/1/1998,Si
7822631799,Guthrey,Orteu,Masculino,6/25/1998,Si
8463462154,Nicol,Duckworth,Masculino,12/4/2010,No
4839907331,Bianca,Maps,Femenino,5/18/1986,Si
7727440507,Lawrence,Eborall,Masculino,9/18/1990,No
6128865224,Liz,Chittey,Femenino,1/13/1981,Si
6980261967,Giulio,Blizard,Masculino,3/1/2001,No
0991668286,Bonnee,Kohrding,Femenino,8/2/1986,Si
4468147199,Erinna,Knibb,Femenino,10/31/1997,Si
1470395851,Schuyler,Selkirk,Masculino,6/12/2013,Si
9814789291,Rufus,Smidmore,Masculino,8/27/1989,Si
2655399005,Joye,Beldom,Femenino,9/5/2012,Si
7584544916,Elliott,Moakson,Masculino,6/6/2008,Si
3188997299,Miller,Blowing,Masculino,9/12/2007,No
4882392151,Freddie,Shelmerdine,Masculino,11/6/2004,No
5345281076,Gillie,Minette,Femenino,11/29/1984,No
0617398739,Mickie,Lowrance,Masculino,11/7/1991,Si
3107058378,Karl,Petran,Masculino,12/19/1980,No
2464216623,Poul,Shutle,Masculino,10/23/1993,Si
2102061809,Jaime,Freestone,Masculino,11/10/1984,Si
9644376846,Garik,Andrich,Masculino,7/10/1985,No
0363190716,Merwin,Corteney,Masculino,6/7/2003,No
4617919945,Martguerita,Coast,Femenino,5/22/1992,No
3087360163,Barbey,Clyde,Femenino,7/6/1997,No
5052859619,Osborne,Conlaund,Masculino,6/3/1988,Si
4762855421,Marys,Berks,Femenino,2/22/1982,No
1543603408,Kirbee,Dregan,Femenino,4/22/1999,Si
3081142431,Anjanette,Fust,Femenino,4/4/2000,No
0664329691,Gabbey,Pennicard,Femenino,12/21/2003,Si
7131021040,Jasen,Pacquet,Masculino,5/11/2012,Si
1799965724,Esme,Possel,Femenino,11/10/2014,No
2057281361,Ashley,Piola,Masculino,3/7/2010,No
2677238071,Jaquelin,Kibel,Femenino,11/22/2001,Si
8827541349,Neill,Beville,Masculino,2/8/1985,No
7275248972,Edmund,Rigney,Masculino,12/23/1981,Si
3331342645,Albert,Spinney,Masculino,4/18/1994,Si
8753676254,Carlos,Crippell,Masculino,8/16/1995,No
0486463389,Wendy,Gauler,Femenino,9/8/1998,No
9820303753,Koressa,Botham,Femenino,6/11/2004,No
2363262921,Dani,Fomichyov,Femenino,2/26/1996,Si
6057378512,Evvie,Beert,Femenino,3/10/2004,Si
1041849028,Mervin,Scarrott,Masculino,12/3/1996,Si
9691415933,Marielle,Paliser,Femenino,1/31/1994,No
1803863099,Tiena,Wildes,Femenino,8/3/2005,No
6675129090,Vanny,Sale,Femenino,6/15/1987,No
7254981093,Pansy,Rippingale,Femenino,8/9/1993,Si
7914784540,Matthus,Ghidoni,Masculino,8/18/1986,No
9898529016,Sigfried,Fewlass,Masculino,3/30/1981,No
5796295683,Jenny,Ratley,Femenino,9/13/1995,No
4021702644,Cam,Saylor,Femenino,4/17/2001,No
5347565411,Lyndel,Ludewig,Femenino,11/10/1996,No
1272500462,Helsa,Assard,Femenino,12/2/2001,Si
4252654017,Heddi,Sarver,Femenino,6/3/1997,No
4750897477,Mallory,Pulteneye,Masculino,6/25/1992,No
6080194287,Minna,Leroux,Femenino,12/7/1987,No
8707764057,Aindrea,Earney,Femenino,1/5/1999,Si
9104252918,Yuri,Eteen,Masculino,9/25/1994,No
9113273051,Urban,McQuarrie,Masculino,6/23/2010,Si
8522658196,Thomasina,Harkins,Femenino,1/21/1993,Si
4861337151,Schuyler,Townson,Masculino,9/6/1993,Si
8812391613,Monti,Pessler,Masculino,10/13/2006,No
8030080549,Clerkclaude,Cornelissen,Masculino,7/2/1990,No
4601823668,Goldy,Currey,Femenino,7/21/1993,Si
5253794573,Isa,Pohl,Femenino,9/21/2001,No
3201934453,Taylor,Freed,Masculino,2/22/1991,Si
7887140668,Gretal,Wastie,Femenino,4/16/2011,Si
7327838643,Charil,Beeston,Femenino,8/19/2001,No
2022937066,Agata,Trebble,Femenino,10/7/2004,No
6739460434,Golda,Kassel,Femenino,8/25/2002,No
7340354115,Randolph,Poulton,Masculino,2/6/1994,Si
1824983050,Bernardo,Duckham,Masculino,11/12/2005,Si
4261656124,Ernie,Schulz,Masculino,8/16/1987,Si
6343546308,Diego,Lavender,Masculino,10/5/1985,Si
6067208199,Melany,Cantu,Femenino,4/15/2009,No
6870122164,Shaina,Mathison,Femenino,2/23/1988,Si
0306260603,Hedi,Colleymore,Femenino,4/17/2002,Si
1663092486,Lory,Kaplan,Femenino,8/14/1990,No
2478056305,Tessy,Buxam,Femenino,8/20/2013,No
7561216432,Karissa,Prevost,Femenino,6/7/2010,Si
1022684612,Tami,Dressel,Femenino,4/19/1996,No
8592375894,Galina,Childerley,Femenino,12/4/1984,No
4671965437,Gianna,Presidey,Femenino,5/25/1990,No
7759378432,Daile,Antowski,Femenino,3/25/1998,No
8476524102,Isador,McIlherran,Masculino,8/27/2014,No
6120713093,Bearnard,Polhill,Masculino,5/25/2013,Si
1402097840,Nicolea,Mowle,Femenino,12/13/1991,Si
1774178761,Carney,Currall,Masculino,5/3/2009,Si
5879724646,Rolland,Fetters,Masculino,8/10/2004,Si
0173998542,Jaquelyn,Veldstra,Femenino,7/8/2003,No
0490760090,Jecho,Hattigan,Masculino,4/2/1991,Si
3856403426,Hanan,Torri,Masculino,8/24/1982,No
6132834109,Katey,Pottery,Femenino,9/29/2013,No
4902551233,Gloria,Pearmine,Femenino,1/25/1993,Si
4079025408,Thekla,Yakubovics,Femenino,1/2/2004,No
2914991312,Shantee,Callcott,Femenino,1/28/2007,No
3142248714,Prissie,Driscoll,Femenino,6/11/2013,No
9796708078,Hallsy,Vipan,Masculino,6/7/2008,Si
3760245765,Andreas,De Bruyne,Masculino,2/18/1996,Si
1094263605,Jaquelin,Quiddington,Femenino,5/31/2006,No
7833966525,Charissa,Mussilli,Femenino,3/2/1983,Si
5626151435,Olag,Taylot,Masculino,1/2/2014,No
3475267446,Brucie,Bilyard,Masculino,6/20/1985,Si
5631243490,Kandy,Gronowe,Femenino,12/21/2000,Si
2407273419,Terese,Fardy,Femenino,12/20/1984,Si
1385300159,Marmaduke,Seeley,Masculino,10/28/2014,No
3284534148,John,Halfhide,Masculino,10/13/2002,Si
9592522022,Phillipp,Izhak,Masculino,2/26/1991,Si
2810962391,Alia,Pemberton,Femenino,2/25/2002,Si
8990540976,Adriaens,Swansbury,Femenino,7/30/2009,Si
5177383644,Roman,Roast,Masculino,4/10/2009,No
8992670702,Packston,Vokins,Masculino,7/26/1981,No
3949700986,Kip,Robley,Femenino,9/26/2010,Si
5429594946,Mariam,Stot,Femenino,7/5/2000,No
9431955148,Reggie,Feilden,Masculino,6/19/1998,No
7803825397,Malcolm,Reuter,Masculino,9/24/1984,Si
0427206987,Jameson,Allam,Masculino,8/2/1995,Si
4227725135,Alexander,Saull,Masculino,7/30/1984,No
8779373631,Gweneth,Bennion,Femenino,10/24/1995,Si
4117228145,Reagen,Rattrie,Masculino,11/17/1990,Si
9026487649,Edan,Waple,Masculino,3/11/2013,Si
0554712164,Reagen,Ruppele,Masculino,1/5/2013,No
7918606922,Pippo,Mellows,Masculino,6/1/1987,Si
9365061946,Kort,Rosenstock,Masculino,3/8/1987,No
9512564009,Ferdinande,Bowlands,Femenino,8/27/1982,No
8364430866,Tallulah,Hogsden,Femenino,8/7/2011,Si
9898657715,Tybie,Arniz,Femenino,10/18/1982,Si
6235970722,Keefer,MacGillacolm,Masculino,3/20/1994,No
9637476326,Colan,Calyton,Masculino,7/21/2008,No
1673111904,Sheri,Gianotti,Femenino,4/9/2014,No
6861040347,Alonso,MacTerlagh,Masculino,12/31/2007,Si
0497246597,Ingeberg,Manchett,Femenino,8/3/1980,No
6907830302,Chan,Halm,Masculino,3/3/1993,No
2763881394,Willow,Edworthie,Femenino,4/12/1982,Si
9493087603,Nicolis,O'Halloran,Masculino,2/1/2002,No
6053991104,Danika,Perillio,Femenino,9/21/1994,Si
6721647540,Nari,Cadamy,Femenino,6/13/2003,No
9586502791,Reuven,Sweeny,Masculino,7/1/2011,No
3076526677,Theodor,Scough,Masculino,5/26/1986,Si
9952194153,Salomi,Goolden,Femenino,9/26/2008,Si
3196008592,Reece,Jaggi,Masculino,10/17/1983,Si
2928681515,Eda,Dodle,Femenino,2/4/2013,Si
2700688961,Tomaso,Brothwell,Masculino,8/5/2011,Si
8893070391,Nelle,Quarrell,Femenino,5/11/1991,No
6324278883,Ford,Serot,Masculino,6/6/2010,No
2798035457,Riobard,Zellner,Masculino,11/19/1980,Si
1528106962,Enrica,Gull,Femenino,5/20/1986,Si
2023436133,Britni,Gather,Femenino,1/31/2004,No
1448889871,Jodee,Braithwait,Femenino,5/13/2006,Si
6625955795,Stanleigh,Scibsey,Masculino,1/16/1998,Si
4595520247,Fawn,Frichley,Femenino,6/11/2004,Si
4446653105,Marlane,Amoss,Femenino,4/18/2008,Si
4200067706,Rianon,Imesson,Femenino,7/31/1997,Si
3648941925,Pier,Sorsbie,Femenino,9/3/1986,No
0102422672,Clayborn,Jendrassik,Masculino,10/4/2010,Si
3565858850,Hendrika,Nolda,Femenino,7/23/1986,Si
3981256573,Alida,Scampion,Femenino,6/15/1990,No
8858296516,Darren,Halwood,Masculino,5/4/2009,No
7671823422,Ivette,Semper,Femenino,11/20/2002,No
5979188878,Maryjo,Valerius,Femenino,6/9/1998,Si
2643994531,Pearce,Laurence,Masculino,4/30/2002,Si
4166327968,Ava,Odgaard,Femenino,8/2/2007,Si
9546438383,Gaston,Brosh,Masculino,1/31/1994,No
8125753842,Tamara,Seton,Femenino,9/18/1994,No
3103543832,Nerta,Dumingos,Femenino,10/2/1993,No
7400181939,Xavier,Maurice,Masculino,6/1/1986,Si
6763628013,Perren,Petschelt,Masculino,2/18/1983,No
3047527970,Kimball,Simeon,Masculino,8/25/1988,No
9923008916,Dolorita,Fever,Femenino,4/1/1994,No
9018092789,Janna,Oxnam,Femenino,2/17/1985,No
0721146244,Kahaleel,Hofler,Masculino,7/7/1994,Si
8937048558,Deina,Jachtym,Femenino,12/12/1994,Si
3811081543,Tammara,Prentice,Femenino,10/14/2007,No
9087616600,Richy,Goldney,Masculino,6/27/1985,No
5565215455,Danica,Pallas,Femenino,11/25/1982,No
8298753631,Hillary,Hadye,Masculino,1/20/2008,Si
9422133181,Rutger,Dufaur,Masculino,2/5/2008,Si
2513948424,Demetre,Dillimore,Masculino,6/5/1994,Si
3156467871,Nicolais,Hartwright,Masculino,2/26/2014,Si
1544017774,Viviana,Latty,Femenino,6/10/1993,Si
1338697056,Kakalina,Gregs,Femenino,11/4/1988,Si
3678362079,Rudolfo,Cecchi,Masculino,4/24/2015,No
9855550072,Audra,Laurant,Femenino,7/26/1989,Si
8065877583,Fulvia,Muxworthy,Femenino,11/19/2010,No
7449051117,Lorene,Liveing,Femenino,9/29/1995,No
6319462582,Humbert,Vouls,Masculino,12/19/1990,Si
7111954130,Henry,Rymour,Masculino,7/4/1990,Si
7717468573,Kare,Matzeitis,Femenino,5/14/1990,Si
4952179060,Elna,Adolphine,Femenino,3/23/2003,Si
2481001532,Kara,Solway,Femenino,4/17/1992,No
0907766838,Madelle,Sandever,Femenino,4/14/1985,No
6695270430,Hayes,Wickson,Masculino,5/27/2004,No
5766340826,Rosanna,Clayborn,Femenino,11/14/1988,Si
7485176412,Ariela,Stiles,Femenino,3/6/2014,Si
9233320324,Vernen,Pantling,Masculino,4/16/1995,Si
1057731455,Lanita,Bigadike,Femenino,1/2/1992,No
6713356052,Cesaro,Markos,Masculino,6/29/1997,No
4310414710,Alistair,Lean,Masculino,10/14/1991,Si
6782617390,Trip,MacCome,Masculino,7/2/2009,Si
5044867047,Myrilla,Nason,Femenino,6/17/2006,Si
3160521850,Ky,Chafer,Masculino,3/4/2008,No
5235587197,Ferdy,Skirrow,Masculino,8/28/1986,No
2729096817,Avie,Legh,Femenino,8/25/1983,No
6173731290,Cindelyn,Druitt,Femenino,2/23/1984,Si
6854706149,Rochell,Harrower,Femenino,1/10/2008,No
0415826241,Jacki,Dunk,Femenino,8/26/1981,No
8355962192,Fredericka,Mockler,Femenino,6/17/2012,No
0908552726,Rodney,Larn,Masculino,3/3/1989,No
4812064171,Padget,Thon,Masculino,2/20/2012,Si
9297472710,Carter,Slater,Masculino,10/8/2004,No
1604540222,Terence,Beaves,Masculino,8/9/2002,Si
2840596156,Edy,Cartmail,Femenino,2/21/2004,No
1133117015,Gwenneth,Hearst,Femenino,3/27/1985,Si
8484021068,Anastasia,Rangeley,Femenino,6/26/1994,Si
0348191170,Nataniel,Dwerryhouse,Masculino,6/26/1995,Si
9930697136,Kellen,Najera,Masculino,7/25/1994,No
9422928931,Sharleen,Cathel,Femenino,6/15/2006,Si
8983219017,Justine,Feehily,Femenino,12/25/1997,No
7994765297,Jere,Dovidaitis,Masculino,6/29/2008,No
2955338966,Tiff,Symson,Femenino,6/12/1994,No
0936470372,Naomi,Haglington,Femenino,6/26/2012,No
5267361356,Tandi,Patemore,Femenino,4/29/1995,No
0321111338,Arabella,Delia,Femenino,7/11/1981,Si
3368909231,Joachim,St. Louis,Masculino,9/10/1985,Si
9252907955,Michel,Saffrin,Masculino,8/28/2000,Si
0837791499,Gilligan,Dumelow,Femenino,10/7/2003,No
5556616582,Briana,Vardy,Femenino,3/28/2012,No
8865095105,Glynnis,Illesley,Femenino,1/8/1990,Si
3313023290,Brady,Meadmore,Masculino,10/10/2002,Si
3592444832,Egan,Kinch,Masculino,7/26/2014,Si
5072241173,Keslie,Caush,Femenino,7/7/1986,Si
7597312628,Marius,Weedon,Masculino,1/17/1986,Si
5988092306,Dorry,Daykin,Femenino,5/16/2015,Si
9306400799,Kara,D'Emanuele,Femenino,10/23/1990,Si
9438393811,Wit,Gwynne,Masculino,12/20/2009,Si
5524332600,Dyana,Dillow,Femenino,5/1/1983,No
0380308673,Gipsy,Massimo,Femenino,9/14/1990,No
2020968053,Ailee,Toderi,Femenino,7/23/1991,Si
1154073343,Mellicent,Ewin,Femenino,1/8/1984,No
2755384433,Julius,Beernt,Masculino,9/22/1980,Si
2444536509,Lezlie,Riddel,Femenino,1/1/1994,No
2977622225,Ariel,Plewman,Femenino,8/6/1982,No
9114337363,Aggie,Noakes,Femenino,3/5/1992,No
9147052511,Charles,Hodges,Masculino,6/19/2008,No
2514444969,Menard,Klais,Masculino,7/16/1988,No
0421303557,Alanah,Sillett,Femenino,1/12/1992,Si
7193381520,Devin,Cruttenden,Femenino,4/7/2015,No
1534799761,Brunhilda,Desson,Femenino,8/25/2001,Si
5036229495,Eal,Joron,Masculino,9/5/2013,No
8726943840,Bethany,Sporrij,Femenino,12/19/2014,Si
2401828737,Ingemar,Culpin,Masculino,7/17/1996,No
6072383335,Caron,Chasney,Femenino,9/28/1986,No
7221621578,Cathee,Dron,Femenino,11/8/1983,Si
8376920197,Adams,Worboy,Masculino,4/1/1992,Si
4172021824,Ivonne,Tippler,Femenino,3/1/1982,No
5566065643,Taryn,Vigar,Femenino,12/1/1990,No
9828476460,Brien,Humm,Masculino,4/1/2003,Si
7541506842,Eugenie,Andrich,Femenino,10/3/1996,Si
5382823243,Guthrie,Hinemoor,Masculino,11/30/1989,No
2048747949,Garrick,Tour,Masculino,10/24/1985,Si
3021106781,Derron,Sigart,Masculino,5/1/1983,Si
5309296921,Peggi,Henkmann,Femenino,4/7/1990,Si
0056581793,Neila,Linzey,Femenino,2/28/1984,No
2506502009,Elenore,Clawson,Femenino,8/27/1993,Si
7255569307,Toby,Alabaster,Masculino,5/12/2011,No
2349296075,Claudelle,Goreisr,Femenino,7/5/2006,Si
7841841698,Augy,Cawsy,Masculino,9/20/2000,No
6323507692,Marya,Cheevers,Femenino,9/3/1997,Si
0977634345,Ham,Benit,Masculino,8/19/2006,No
2217116649,Brockie,Hotson,Masculino,5/2/1983,Si
3449147048,Elisabet,Upcott,Femenino,6/28/1999,No
7893441496,Johnny,McKevin,Masculino,12/23/2014,No
4585361693,Jori,Coultas,Femenino,9/20/2008,Si
7189961402,Adolphus,Bonas,Masculino,7/12/2013,Si
7023383980,Gare,Vanacci,Masculino,2/8/1997,No
2959867890,Ericka,Timothy,Femenino,9/19/1998,No
1531720528,Flore,Maunders,Femenino,2/14/1982,Si
2495098843,Alejandro,Izzett,Masculino,11/5/1991,No
8225920864,Blake,O'Flannery,Masculino,8/22/1980,No
7378907790,Shaw,Yuryaev,Masculino,5/27/2005,No
8558157561,Sabrina,Sambeck,Femenino,2/8/2011,Si
6381338660,Denney,Pedwell,Masculino,6/30/2009,No
9308957634,Fina,Doring,Femenino,5/8/1987,No
1923581651,Cross,Raftery,Masculino,10/10/1993,Si
4764850354,Rodolphe,Vasilevich,Masculino,5/24/2013,Si
5488498192,Essa,Emmens,Femenino,7/3/2006,No
7300712444,Goddart,Scardifeild,Masculino,10/16/2006,Si
6787622767,Fredra,Mowday,Femenino,8/12/1995,No
0461682702,Torrin,Greenhaugh,Masculino,6/13/1990,Si
1248411528,Barbabas,Drugan,Masculino,5/26/2004,Si
8734053549,Raf,Leavold,Femenino,4/16/2012,No
4666142886,Salim,Ketchaside,Masculino,3/9/1985,No
4804928448,Lidia,Bertwistle,Femenino,9/24/1997,Si
1702489426,Paulie,McLevie,Masculino,8/14/2009,Si
0299102939,Koral,Hargrave,Femenino,4/29/2006,Si
2869820992,Trina,Wardhaugh,Femenino,1/28/2011,Si
8110612482,Durand,Nashe,Masculino,11/11/2005,No
1127573721,Cassandry,Kisbey,Femenino,8/28/2001,Si
1117036065,Rainer,Vitler,Masculino,10/19/2012,No
9976931670,Martyn,McCombe,Masculino,11/11/1980,No
5961441709,Jesse,Oleksinski,Masculino,6/12/2007,No
6845948259,Cloris,Kamen,Femenino,10/18/1980,Si
4469475041,Bearnard,Jay,Masculino,10/15/1998,Si
1985025515,Haslett,Werny,Masculino,9/18/2011,Si
8313522070,Demetrius,Gissop,Masculino,3/7/1984,No
5572909947,Hoyt,Betton,Masculino,7/17/1993,No
6712261260,Jandy,De Lisle,Femenino,7/17/1991,No
0873685768,Paulina,O'Shevlan,Femenino,2/4/2004,Si
4539048384,Clare,Badsey,Masculino,2/17/2005,No
5548327097,Susanetta,Merrick,Femenino,11/19/2008,No
4124528302,Delmor,Lansberry,Masculino,6/26/2011,Si
9875513199,Wendye,Attarge,Femenino,1/24/2014,No
0614630894,Sherry,Ruoss,Femenino,11/14/2001,Si
7080854571,Thain,Purdie,Masculino,5/17/2003,Si
4500199292,Reube,Bernardotte,Masculino,12/31/1990,No
0055258700,Adolf,Cassey,Masculino,5/21/2006,No
4498390393,Rhonda,Fahy,Femenino,8/13/1993,No
9258354176,Faunie,Pietron,Femenino,10/27/1998,Si
4578843211,Kellen,Sirkett,Masculino,11/8/2005,No
6116564763,Ainslie,Orehead,Femenino,4/25/2006,No
3779084732,Aurora,Ammer,Femenino,1/17/1985,Si
0702644668,Coriss,Beamond,Femenino,9/26/2001,Si
4377317458,Bobbi,Guilder,Femenino,6/2/2006,Si
7242601398,Felecia,Acarson,Femenino,4/15/1989,Si
6589638128,Kora,Rolse,Femenino,3/3/2015,No
9811695644,Dorice,Meldon,Femenino,11/4/2010,Si
9247688639,Berne,Runcieman,Masculino,5/20/1982,Si
5943662243,Fidelia,Bothram,Femenino,8/29/1984,No
9079649171,Perceval,Devey,Masculino,10/19/1994,Si
9900113438,Patsy,Dank,Femenino,8/5/1999,Si
6674313726,Elvera,Brodeur,Femenino,6/28/2002,Si
7908067794,Cleopatra,Roman,Femenino,12/15/2011,Si
8791070872,Samuele,Alsobrook,Masculino,7/12/1986,No
9412622708,Patric,Macauley,Masculino,9/30/1988,Si
2147198188,Eleanore,Beams,Femenino,2/10/2000,Si
5421482065,Pamelina,Spridgeon,Femenino,10/8/1986,No
6301422929,Yehudi,Gerkens,Masculino,8/25/2008,No
8881063476,Jackson,Matteotti,Masculino,12/28/1983,No
0561876002,Ulysses,Durrance,Masculino,10/11/2005,No
6949134916,Francois,Howie,Masculino,8/9/2008,No
0139116419,Lusa,Ducham,Femenino,11/14/1987,Si
7260297301,Levin,Skyrm,Masculino,2/13/2000,No
1005944415,Gustavus,Blenkinship,Masculino,5/30/1996,Si
3939824194,Elsie,Garrat,Femenino,11/4/2003,Si
6033868854,Caryl,Bushnell,Masculino,9/2/1998,Si
4382214173,Carling,Tarbet,Masculino,12/28/2003,Si
5390506359,Sigismund,Francello,Masculino,4/2/1981,Si
0716091313,Ninette,Antwis,Femenino,12/12/1989,Si
0086896164,Tallou,Turbern,Femenino,5/24/2004,Si
5918022902,Maye,Grabert,Femenino,4/17/2012,No
5378240956,Morse,Struss,Masculino,9/6/2011,No
5945358037,Saundra,Tyzack,Masculino,11/24/2009,No
4688450745,Rosabelle,Magovern,Femenino,8/21/1999,Si
1588843548,Weston,Baton,Masculino,10/25/2003,No
4093778663,Filip,Costain,Masculino,2/1/2000,No
7287650355,Claudetta,Sharpe,Femenino,1/20/1983,Si
4434835467,Gael,Byers,Masculino,6/7/1988,No
1455559385,Lavinie,Fealey,Femenino,3/7/1999,Si
3109758229,Josias,Jantet,Masculino,5/8/1993,No
0755667581,Audry,Abramino,Femenino,7/12/1989,Si
4962817329,Titos,Benoy,Masculino,3/6/2002,Si
5963346908,Eric,O'Hallihane,Masculino,3/26/1981,Si
9967674741,Lorrie,Summerrell,Femenino,8/4/2007,Si
7120362291,Amity,Puddle,Femenino,1/7/1981,Si
8108775728,Lew,Alywin,Masculino,7/8/1986,No
1675649855,Elizabet,Mathiot,Femenino,6/29/2014,No
7834227653,Jacquetta,Rowbottam,Femenino,2/27/2002,No
8156072766,Adria,Goodlip,Femenino,2/8/1996,Si
8880460080,Izzy,Adnam,Masculino,5/3/1981,No
7855362266,Dodi,Crapper,Femenino,4/27/2013,No
1842209485,Nowell,Hacksby,Masculino,3/16/1984,Si
8687744315,Toma,Le Marchand,Femenino,11/9/1990,No
6378131422,Darice,Farreil,Femenino,8/28/1985,No
2996095782,Pavel,Pauncefort,Masculino,11/15/1984,No
4466902615,Frederich,Bris,Masculino,4/24/2013,Si
9271423410,Ricoriki,Clemintoni,Masculino,9/1/2000,Si
1898694400,Cyb,Gloster,Femenino,10/13/1990,Si
7283874712,Staford,Shepland,Masculino,11/29/1995,Si
6632387640,Zahara,Wanklin,Femenino,11/11/1980,Si
9525481212,Odey,Stell,Masculino,10/17/1990,Si
9216755105,Cherey,Catonne,Femenino,12/16/1994,No
1852949899,Ealasaid,Warboy,Femenino,11/14/1998,No
4421852007,Elsa,Waddup,Femenino,10/3/1985,Si
5542623263,Rhetta,Tenny,Femenino,1/2/1996,Si
9045138980,Greer,Vella,Femenino,2/5/1986,Si
2701816041,Irita,McTeer,Femenino,12/17/1990,No
4192952033,Jonie,Cundict,Femenino,12/7/1985,Si
8782539324,Bogart,Linfoot,Masculino,12/2/2014,Si
0091341744,Antonia,Hargrove,Femenino,7/28/1982,No
2888443139,Cass,Legate,Masculino,5/22/2011,No
5858421512,Christin,McEvon,Femenino,10/16/1985,No
5011179486,Cara,Grebner,Femenino,8/12/2004,Si
7606325227,Adolph,Kitchener,Masculino,11/1/2013,Si
7647911864,Christoph,Weeden,Masculino,11/27/1987,Si
5961761797,Noah,Savil,Masculino,10/28/1987,No
5012660838,Allyn,McQuilliam,Femenino,10/20/1991,No
4865124764,Jordan,Gerry,Masculino,3/16/1984,No
9695594921,Georgy,Kell,Masculino,11/17/1982,No
7712887462,Irina,Devonport,Femenino,11/9/1988,Si
4792938635,Grannie,Cunnow,Masculino,2/7/1997,Si
1979395578,Beret,Brackley,Femenino,9/20/2007,Si
7428719194,Georas,Assante,Masculino,12/9/1990,Si
0450929655,Vitia,Petersen,Femenino,7/22/2006,Si
7735166729,Carr,Newiss,Masculino,9/27/1999,Si
4009822031,Arnuad,Plom,Masculino,1/4/2005,Si
1062005511,Zacherie,Perfitt,Masculino,9/7/1984,No
4400655784,Ky,Barock,Masculino,5/30/1985,Si
3482733546,De witt,Heymes,Masculino,2/26/2000,No
2998853498,Jehu,Winkworth,Masculino,3/8/2003,No
1075342813,Julee,Estcourt,Femenino,7/19/2009,Si
3039906518,Billie,Isacsson,Masculino,6/27/1994,Si
6019501450,Dominic,Luggar,Masculino,12/20/2006,No
7299204010,Rob,Szwarc,Masculino,9/15/2013,No
3015218069,Kaile,Morford,Femenino,10/22/1984,Si
6182262141,Benetta,McKevitt,Femenino,3/28/1997,No
3041768216,Aymer,Byers,Masculino,4/7/2007,Si
1707480982,Vincent,Lomansey,Masculino,9/3/1984,Si
9520697357,Brew,Lory,Masculino,4/5/1998,No
1269854011,Cleveland,Giraths,Masculino,1/5/2006,No
5928726767,Lanie,Putnam,Femenino,7/16/2013,No
0256019231,Coletta,Clausson,Femenino,1/7/1989,No
0042402905,Stuart,Gillebert,Masculino,7/8/1980,Si
1279044810,Hamlen,Spino,Masculino,10/21/1995,No
7392794094,Felicdad,Halley,Femenino,8/12/1980,Si
3866617941,Emeline,Dowdell,Femenino,4/6/2012,No
5656799433,Gianina,Sibbering,Femenino,2/2/2005,Si
0056220340,Jarrid,Warkup,Masculino,10/13/1995,Si
2888511126,Sula,Cully,Femenino,11/2/1981,Si
9376974506,Jenine,Gremane,Femenino,9/19/2003,Si
9387321622,Rivalee,Stone,Femenino,3/24/1989,Si
5711956981,Glory,MacCheyne,Femenino,6/12/1983,Si
9643009319,Nickolas,Merrell,Masculino,9/30/2011,Si
3016435136,Vitoria,Squirrell,Femenino,9/28/1985,Si
3395040534,Justino,Foggo,Masculino,3/18/2004,Si
2577077122,Goober,Luthwood,Masculino,5/4/1993,Si
1921935685,Curtice,Janacek,Masculino,6/4/1995,No
2696736456,Florentia,Treneer,Femenino,10/7/1992,Si
9105487447,Bucky,Glyssanne,Masculino,8/25/1996,No
0649883411,Jocko,Crystal,Masculino,8/21/2013,Si
6366524270,Quill,Haburne,Masculino,9/15/2012,No
6657357664,Genny,Doak,Femenino,11/23/2013,Si
6829688248,Zeke,Lawee,Masculino,10/10/2008,No
4076940563,Janel,McAlister,Femenino,3/29/2008,No
1485855233,Linnie,Paulo,Femenino,9/5/1983,Si
3677999057,Lucias,Duro,Masculino,10/13/1997,Si
7974738618,Justus,Richardet,Masculino,7/12/2009,Si
4122265118,Jilli,Arbor,Femenino,5/3/1986,Si
0133947106,Hillier,Rickaby,Masculino,5/28/2003,No
9079687170,Verna,Waliszewski,Femenino,4/26/2012,No
3369192810,Courtenay,Beacroft,Femenino,3/19/2001,Si
4779553547,Derek,Dible,Masculino,8/26/2008,No
2027810552,Lenna,Grzegorzewski,Femenino,12/22/2006,Si
8425920809,Emiline,Scarfe,Femenino,5/6/2008,Si
6519424307,Juline,Rousby,Femenino,3/16/1993,Si
1280579080,Selina,Forsdike,Femenino,1/11/2011,Si
8156446437,Wang,Allsup,Masculino,12/28/1982,No
2326986407,Sindee,Dunthorn,Femenino,3/8/2006,Si
6673928999,Karon,Jonk,Femenino,4/23/2006,No
2685164669,Benjamin,Dannohl,Masculino,9/21/1989,No
7384462231,Clair,Arbuckel,Masculino,1/30/2014,No
8574565415,Domeniga,Kee,Femenino,7/26/1998,Si
2773230787,Dav,Ducroe,Masculino,7/6/1989,No
2387139852,Dexter,Beslier,Masculino,1/11/1994,Si
9780549498,Rudyard,Silbermann,Masculino,9/22/2010,Si
2480864499,Kimball,Pesterfield,Masculino,12/15/1988,Si
8240926207,Cassie,Oxborrow,Femenino,5/16/1997,No
6044402266,Shayne,Alkins,Masculino,5/12/1995,No
7750344179,Ted,Culwen,Femenino,6/4/1981,No
6788027005,Win,O'Feeny,Masculino,12/2/2011,No
1550417177,Mureil,Stuchbery,Femenino,9/23/1980,No
8650993117,Somerset,Skunes,Masculino,4/1/2008,No
2695556349,Bridgette,Pauer,Femenino,3/26/2005,Si
9848456600,Daffie,Durrant,Femenino,10/20/2012,Si
9733274410,Garrick,Bleibaum,Masculino,1/13/1984,Si
2113024276,Paule,Wudeland,Femenino,2/6/1982,Si
3042674053,Gunar,Stansbie,Masculino,4/22/1994,Si
7295442308,Mar,Daal,Masculino,4/19/1982,No
9366870805,Tiff,Borris,Femenino,2/21/1983,No
1893441962,Ward,Bishopp,Masculino,6/17/1985,No
4941590007,Codie,Rycroft,Femenino,3/17/2015,No
4745237502,Liv,Wedgwood,Femenino,11/4/2009,Si
2381692320,Juliette,Poure,Femenino,12/6/2009,Si
0215125584,Colby,Maxfield,Masculino,11/6/1997,No
4726890581,Ethyl,Garlick,Femenino,10/16/2014,No
0204363985,Denny,Jennrich,Femenino,6/7/2011,No
7447087033,Tania,Glisane,Femenino,8/22/2005,Si
8227640273,Lamond,Rodolico,Masculino,6/14/1985,Si
2625224126,Poppy,Stanbridge,Femenino,12/30/1998,Si
5509366435,Webster,Alderton,Masculino,11/7/2009,No
9090134352,Johan,Windross,Masculino,2/4/1986,Si
9129770971,Hortense,Moralas,Femenino,1/3/2011,No
4448742423,Anabel,Piscopo,Femenino,1/25/2000,Si
0825615666,Urbain,Finch,Masculino,7/29/2003,Si
5588134109,Elianora,Son,Femenino,5/24/1985,No
6024652046,Riane,Skirling,Femenino,12/1/2011,Si
3175115489,Van,McAnulty,Femenino,1/21/2007,No
3901983430,Mendy,Rew,Masculino,5/16/2008,No
7908789161,Tabbitha,Halkyard,Femenino,4/27/2011,No
8962581582,Amata,Romanet,Femenino,3/16/2003,Si
7240834697,Aimee,Boyer,Femenino,3/1/1986,No
9455402335,Clarice,Woonton,Femenino,11/22/1998,Si
6630984846,Minetta,Goodyear,Femenino,12/10/1983,Si
4004953693,Oralie,Bewshea,Femenino,8/23/1989,No
8106210227,Rose,Morstatt,Femenino,4/19/1988,Si
8776065723,Boote,Harwell,Masculino,12/9/1993,No
8609386570,Caspar,Busen,Masculino,10/3/2011,Si
6070784847,Hervey,Gundrey,Masculino,7/29/2003,No
5438368074,Richy,Joddens,Masculino,10/1/1994,Si
8386153075,Cecile,Pirrey,Femenino,10/24/1986,No
4933897344,Horton,Bendley,Masculino,11/13/1983,No
4475760836,Clarine,Allderidge,Femenino,12/11/2006,Si
6236647933,Edin,Medmore,Femenino,4/20/2015,No
8747494581,Maurits,Tallent,Masculino,1/20/2005,Si
6793148370,Berkie,Filipic,Masculino,9/3/1981,Si
0311924514,Kass,De Morena,Femenino,12/12/1990,No
1866881302,Hannis,Druhan,Femenino,1/14/1992,No
5763300084,Traver,Grix,Masculino,2/9/1982,No
1427214190,Huey,Pester,Masculino,2/5/2000,No
8390853574,Bryant,Brooks,Masculino,9/26/1992,No
3002321591,Lezlie,Hinze,Femenino,8/18/2011,Si
9245637190,Waiter,Lorentz,Masculino,7/22/1997,No
3207196748,Wyatt,Gillaspy,Masculino,11/30/1985,No
5055055421,Eddie,Hartness,Femenino,1/20/2007,No
6938706301,Reece,Fewtrell,Masculino,5/14/1995,No
6411545820,Emmalee,Saylor,Femenino,9/18/2012,No
1102252069,Junia,Drissell,Femenino,6/6/2010,No
4744137377,Krisha,Slott,Masculino,12/10/1989,No
2680822064,Emilia,Aldous,Femenino,8/8/1996,No
7635137832,Inez,Burleton,Femenino,6/14/2008,No
9688667404,Elberta,Ogger,Femenino,9/9/1980,Si
7929094065,Sunshine,Calverley,Femenino,8/24/1991,Si
4790921093,Carmita,Pinkerton,Femenino,9/7/2009,No
0138139164,Kit,Sommerly,Masculino,10/24/1996,No
3200733667,Tine,Hanburry,Femenino,12/14/2013,No
3460652187,Chickie,Guntrip,Masculino,1/4/1996,No
5893062817,Winona,Cuttle,Femenino,1/23/1998,Si
3352298459,Vicki,McGlade,Femenino,3/23/2011,No
8459006824,Rees,Siney,Masculino,8/17/1988,Si
2678577163,Khalil,Toderi,Masculino,12/28/1981,No
1306073715,Bruno,Esler,Masculino,6/18/2005,Si
3460950439,Sherye,Axelbey,Femenino,11/2/1989,Si
3873791390,Barclay,Pattisson,Masculino,4/2/1988,No
1913442489,Hildegarde,Kervin,Femenino,5/16/1989,Si
6138268008,Libbie,Bredbury,Femenino,7/9/1980,No
3374575439,Gus,Cliburn,Femenino,2/10/1999,Si
1839461969,Arden,Han,Femenino,5/31/1984,No
7617444710,Carina,Gai,Femenino,9/3/2013,No
5680542625,Kalinda,Tibald,Femenino,2/10/2011,Si
4172120660,Burnard,Mc Caughen,Masculino,11/24/1999,No
9628148001,Aurora,Silcox,Femenino,2/17/2005,No
3964121525,Marmaduke,Cabral,Masculino,7/21/1987,No
2483153011,Karim,Hargess,Masculino,2/21/1999,No
8988103769,Meriel,Beacon,Femenino,6/25/1980,Si
4816341323,Caprice,Crickmore,Femenino,8/30/1997,No
9102929295,Joycelin,Harrop,Femenino,11/30/1981,No
9832517745,Demetre,Gores,Masculino,4/23/2010,Si
2158006501,Malcolm,Storer,Masculino,4/6/1993,No
9315365305,Rutherford,Floris,Masculino,9/16/2002,Si
9381360642,Yoshi,Cleall,Femenino,11/4/2008,Si
5682504690,Doll,Chestnutt,Femenino,6/17/2012,Si
0517798867,Gabbey,Wetheril,Femenino,11/10/1996,Si
0998126497,Halsy,Nelissen,Masculino,10/18/2014,No
2891521153,Tadio,McGrail,Masculino,12/9/1990,No
8502482343,Abraham,Flahy,Masculino,7/6/2006,No
9872730245,Dulcy,Reidie,Femenino,7/19/2004,Si
6894231508,Ignacio,Huddleston,Masculino,10/19/2010,No
3595670701,Bobbette,Dionsetti,Femenino,10/23/2011,No
2129089526,Haskell,Andreev,Masculino,7/18/2001,No
7483232994,Rocky,Mettrick,Masculino,4/10/2015,Si
9771430963,Orville,Gatland,Masculino,2/14/1991,No
4024295209,Dougy,Tytcomb,Masculino,11/30/1993,No
9363525589,Moreen,Coates,Femenino,11/14/1981,No
9942791132,Hermina,Gaskoin,Femenino,8/25/1993,Si
5422161130,Jarrad,McEntegart,Masculino,1/18/1998,No
1549235052,Quent,Sabbin,Masculino,3/9/1987,Si
4489134495,Bernete,Haddrill,Femenino,1/27/1999,No
3270682220,Mathias,Prevett,Masculino,9/14/1983,No
8596870911,Meris,Liddard,Femenino,7/4/1991,Si
1677022019,Bendick,O'Sheils,Masculino,7/23/2011,Si
4045021221,Perla,Elgee,Femenino,6/24/1987,No
9648083037,Patricio,Hartgill,Masculino,3/5/2006,No
