id,nombres,apellidos,genero,fechaNacimiento,idEspecialidad
1,Marie-thérèse,Brewse,Masculino,10/20/1973,2
2,Dù,Nuth,Masculino,7/2/1957,5
3,Mårten,Chatfield,Femenino,9/28/1957,6
4,Noémie,Ruffey,Masculino,3/21/1968,4
5,Yú,Perdue,Masculino,7/22/1968,3
6,Yú,Vasile,Masculino,1/10/1957,1
7,Geneviève,Shadfourth,Masculino,4/5/1959,6
8,Marie-hélène,Lindgren,Masculino,12/6/1972,2
9,Gérald,Guise,Femenino,6/10/1971,6
10,Pénélope,Draysay,Masculino,8/23/1975,8
11,Gwenaëlle,Deerr,Femenino,9/24/1954,3
12,Loïs,Bantham,Femenino,1/21/1971,1
13,Kallisté,Grishinov,Masculino,1/30/1957,8
14,Bérangère,Raisher,Femenino,10/22/1972,3
15,Gérald,Easom,Masculino,2/16/1976,2
16,Loïca,Bedinham,Femenino,1/25/1974,5
17,Maïlis,Bembrigg,Femenino,11/27/1978,2
18,Véronique,Sherlaw,Femenino,11/1/1961,9
19,Françoise,Smyth,Femenino,11/22/1976,4
20,Aí,Gush,Masculino,1/18/1967,1
21,Audréanne,Gyenes,Femenino,12/4/1969,1
22,Clémence,Dawidman,Femenino,3/28/1954,10
23,Tán,Parnham,Masculino,11/19/1959,9
24,Méryl,Cayton,Masculino,8/9/1969,10
25,Tán,De Michele,Masculino,10/23/1952,3
26,Léone,Ledstone,Femenino,7/7/1964,6
27,Chloé,Chessman,Femenino,3/8/1969,9
28,Célia,Rawling,Femenino,9/16/1974,5
29,Torbjörn,Dickings,Femenino,2/10/1975,9
30,Stévina,Center,Femenino,1/21/1976,6
31,Bérénice,Sproul,Femenino,7/27/1971,1
32,Marie-noël,Greaves,Femenino,5/23/1969,6
33,Mélanie,Di Claudio,Femenino,8/28/1956,8
34,Stévina,Jacobi,Masculino,7/29/1971,5
35,Geneviève,Mountlow,Masculino,8/31/1970,4
36,Börje,Nation,Femenino,4/23/1974,4
37,Liè,Marmyon,Masculino,5/23/1961,1
38,Yóu,Fyers,Femenino,8/6/1957,5
39,Laïla,McLoughlin,Femenino,10/6/1979,7
40,Geneviève,Lyman,Masculino,10/29/1951,2
41,Dafnée,Krienke,Femenino,10/19/1956,8
42,Styrbjörn,Bemment,Masculino,1/27/1959,10
43,Célia,Evenden,Masculino,6/24/1970,7
44,Bérengère,Neesham,Femenino,3/23/1959,1
45,Lóng,Anstie,Femenino,12/10/1978,5
46,Håkan,Lane,Femenino,3/1/1963,1
47,Zhì,Castri,Femenino,6/14/1963,4
48,Estève,Mourant,Masculino,6/4/1959,5
49,Bécassine,Guerra,Masculino,4/16/1954,8
50,Magdalène,Schirach,Masculino,7/24/1975,6
51,Miléna,Cullerne,Femenino,3/8/1979,10
52,Anaël,Kingswold,Femenino,11/26/1965,6
53,Mahélie,Ashborne,Femenino,4/15/1971,4
54,Géraldine,Rosenblath,Masculino,5/31/1951,8
55,Dorothée,Hexam,Masculino,12/31/1958,10
56,Sélène,Mort,Femenino,11/10/1950,4
57,Salomé,Bendle,Femenino,6/23/1957,2
58,Mårten,Griston,Masculino,5/24/1951,7
59,Frédérique,Tasseler,Femenino,1/27/1964,1
60,Josée,Tartt,Femenino,1/31/1972,6
61,Mylène,Northover,Masculino,12/20/1958,10
62,Gaïa,Majury,Femenino,3/22/1951,2
63,Clémentine,Gatman,Femenino,5/22/1980,9
64,Yè,Dicey,Femenino,6/14/1955,2
65,Lyséa,Kmicicki,Masculino,3/14/1974,6
66,Léana,Wogden,Masculino,4/15/1969,9
67,Marie-françoise,Wabersich,Femenino,12/24/1954,6
68,Eléonore,Gillett,Femenino,11/10/1962,4
69,Noëlla,Kembery,Masculino,9/26/1975,9
70,Réjane,Jerrome,Masculino,7/31/1972,2
71,Mahélie,Tick,Femenino,2/3/1956,8
72,Åsa,Anstiss,Masculino,10/10/1976,8
73,Lài,Colthurst,Masculino,12/3/1969,4
74,Réservés,Gorrie,Femenino,10/6/1967,10
75,Rébecca,Berkely,Masculino,9/15/1962,3
76,Maëlle,Lotte,Masculino,3/25/1953,1
77,Judicaël,Boar,Masculino,3/14/1968,2
78,Publicité,Graddon,Femenino,2/5/1956,8
79,Audréanne,Fairbanks,Femenino,3/23/1957,7
80,Håkan,Lamberts,Femenino,3/8/1958,1
81,Laïla,Hayer,Femenino,1/25/1970,3
82,Adèle,Muckley,Masculino,9/9/1978,7
83,Torbjörn,Jurasek,Masculino,4/5/1973,8
84,Léone,Sutherden,Masculino,9/24/1959,8
85,Gaïa,Robilart,Masculino,11/9/1965,7
86,Intéressant,Phlipon,Femenino,8/15/1961,8
87,Mylène,Galletley,Masculino,6/2/1968,6
88,Cunégonde,Blabber,Masculino,1/15/1978,5
89,Angélique,Holde,Masculino,8/24/1968,4
90,Cécile,Blankau,Masculino,1/9/1973,6
91,Dorothée,Andreia,Masculino,9/12/1977,7
92,Daphnée,Langcastle,Femenino,11/30/1960,2
93,Mélinda,Haggus,Femenino,9/24/1973,1
94,Yáo,Haslegrave,Femenino,12/27/1965,3
95,Cunégonde,Cosans,Femenino,1/16/1963,5
96,Yú,Kimblen,Femenino,12/10/1970,7
97,Dorothée,Maraga,Masculino,11/4/1955,2
98,Thérèsa,Levee,Masculino,1/8/1956,7
99,Dafnée,Warnock,Femenino,3/13/1968,1
100,Yè,Minchin,Femenino,3/31/1975,4
101,Léonie,Fellis,Masculino,2/8/1962,6
102,Kù,Caudrelier,Masculino,6/26/1969,4
103,Anaël,Healeas,Masculino,9/27/1956,7
104,Salomé,Newgrosh,Femenino,2/21/1973,1
105,Cécile,Forsythe,Masculino,11/21/1953,4
106,Mégane,Linforth,Femenino,3/13/1976,4
107,Andréanne,Manifould,Femenino,8/13/1965,3
108,Céline,Roizin,Masculino,11/14/1960,3
109,Lén,Brogini,Masculino,5/21/1980,7
110,Lén,Oliver,Femenino,9/4/1970,9
111,Aloïs,Glinde,Femenino,6/6/1959,4
112,Tú,Parkin,Femenino,7/18/1978,2
113,Réjane,Pesterfield,Femenino,2/27/1962,4
114,Maëlle,Biss,Femenino,4/13/1973,10
115,Garçon,Mankor,Femenino,3/15/1965,3
116,Eloïse,Sibille,Femenino,6/28/1954,4
117,Angèle,Josovitz,Femenino,10/1/1970,4
118,Görel,Hamp,Masculino,5/25/1959,6
119,Annotés,Maffin,Masculino,3/22/1953,6
120,Andréanne,McInteer,Masculino,10/9/1960,4
121,Eléonore,Officer,Masculino,5/1/1962,7
122,Marie-thérèse,Ceaser,Masculino,3/22/1962,3
123,Laurélie,Goves,Masculino,10/9/1960,1
124,Lài,Moorerud,Masculino,6/14/1951,4
125,Thérèsa,Matyja,Masculino,4/23/1954,7
126,Maëlys,Rowat,Masculino,3/14/1955,10
127,Lorène,Bowstead,Masculino,6/7/1954,7
128,Vénus,Evenett,Femenino,1/16/1952,6
129,Sòng,Berndt,Femenino,12/9/1957,1
130,Sòng,Flobert,Masculino,12/18/1957,5
131,Cécile,Weedall,Masculino,11/3/1951,2
132,Yóu,Camm,Masculino,10/31/1967,2
133,Wá,Alben,Masculino,12/9/1967,1
134,Görel,Heams,Femenino,4/9/1960,3
135,Cléa,Kinman,Masculino,11/1/1963,5
136,Ruì,Androck,Femenino,5/4/1976,8
137,Séverine,Hartlebury,Masculino,4/14/1952,4
138,Håkan,Middlemass,Masculino,1/15/1976,7
139,Maïlis,Moncrefe,Femenino,4/22/1974,7
140,Desirée,Foucher,Masculino,1/29/1971,1
141,Mårten,Ciani,Masculino,12/29/1974,9
142,Salomé,Cathie,Femenino,4/19/1969,3
143,Léana,Jirus,Masculino,2/3/1980,8
144,Gaétane,Williams,Masculino,4/1/1975,7
145,Vénus,Hughf,Masculino,9/3/1958,1
146,Mélys,Haslum,Masculino,1/9/1962,9
147,Célia,Aireton,Femenino,5/1/1972,9
148,Hélèna,Tennewell,Masculino,9/2/1951,6
149,Méline,Rosenstengel,Masculino,10/12/1962,7
150,Uò,Willbond,Masculino,3/11/1957,3
151,Maï,Jantet,Femenino,12/25/1964,1
152,Åslög,Welbourn,Femenino,1/7/1954,10
153,Rachèle,Bartoszewicz,Femenino,1/13/1960,4
154,Agnès,Slany,Masculino,11/20/1971,2
155,Fèi,O'Neill,Masculino,12/17/1963,10
156,Méthode,Cripin,Masculino,2/1/1968,4
157,Mélia,Madigan,Femenino,6/25/1979,2
158,Maëlyss,Jellicorse,Femenino,12/13/1964,5
159,Bécassine,De Normanville,Masculino,7/11/1979,2
160,Lèi,Portinari,Femenino,3/6/1965,4
161,Léone,Mulqueen,Masculino,9/10/1973,3
162,Léandre,Hale,Femenino,4/2/1967,8
163,Michèle,Adamo,Femenino,2/3/1964,7
164,Åke,Antonopoulos,Femenino,7/24/1962,9
165,Hélène,Shepperd,Femenino,6/26/1966,2
166,Danièle,Kalb,Femenino,12/22/1957,1
167,Lucrèce,Beveridge,Masculino,7/27/1978,9
168,Yè,Toppes,Masculino,3/18/1979,9
169,Gösta,Archanbault,Femenino,10/25/1959,3
170,Joséphine,Danihel,Masculino,3/10/1961,9
171,Céline,Broadbear,Masculino,10/14/1974,6
172,Noëlla,Ludmann,Masculino,10/28/1967,2
173,Illustrée,Halliberton,Masculino,12/6/1963,4
174,Annotés,Cozzi,Femenino,2/4/1980,6
175,Andréanne,Guittet,Masculino,11/14/1960,10
176,Mélys,McKag,Femenino,3/13/1961,1
177,Anaé,Kleynen,Femenino,3/13/1969,7
178,Annotés,Mabon,Femenino,8/18/1954,7
179,Maëlys,Macallam,Femenino,11/20/1962,4
180,Naéva,Carrier,Femenino,4/19/1969,6
181,Eloïse,Cardiff,Femenino,11/11/1959,2
182,Séverine,Bacup,Masculino,5/31/1978,5
183,Océane,Pavy,Femenino,8/19/1961,2
184,Danièle,Whisby,Masculino,7/2/1956,1
185,Loïca,Ferraron,Femenino,7/28/1958,8
186,Marie-françoise,Summerill,Masculino,4/9/1970,8
187,Nadège,Heggie,Femenino,5/16/1980,3
188,Camélia,Kippin,Femenino,7/7/1951,1
189,Gaëlle,Rieme,Masculino,5/13/1969,10
190,Cécile,Disney,Masculino,11/18/1975,7
191,Pål,Matyukon,Masculino,11/16/1973,5
192,Hélène,Gallagher,Masculino,4/16/1979,3
193,Mahélie,Evered,Femenino,10/24/1959,9
194,Maëlys,MacMenamie,Masculino,7/1/1960,3
195,Annotée,Gillings,Masculino,6/29/1977,1
196,Bénédicte,Draycott,Masculino,12/12/1958,4
197,Méng,Beadman,Femenino,8/26/1973,4
198,Anaëlle,Brehault,Masculino,4/13/1975,7
199,Wá,Culligan,Masculino,7/28/1957,10
200,Rachèle,Schutze,Femenino,5/31/1954,10
201,Mélissandre,Allewell,Femenino,12/19/1971,7
202,Göran,Pettengell,Masculino,5/22/1956,1
203,Maï,Woodwing,Femenino,2/1/1952,5
204,Yú,Sowden,Masculino,2/1/1966,1
205,Marie-ève,Desquesnes,Femenino,3/24/1964,2
206,Angélique,O'Gaven,Femenino,7/7/1966,3
207,Edmée,Evensden,Masculino,8/13/1953,5
208,Frédérique,Thrussell,Femenino,9/18/1957,7
209,Maïté,Mordan,Masculino,4/14/1963,8
210,Marylène,Curd,Masculino,9/18/1961,5
211,Rébecca,Pennacci,Femenino,12/7/1964,3
212,Rachèle,Cosgreave,Femenino,6/1/1971,7
213,Geneviève,Hightown,Masculino,2/7/1970,9
214,Danièle,Comerford,Masculino,10/1/1979,10
215,Marie-thérèse,Matushevich,Femenino,9/16/1959,2
216,Bérénice,Lassey,Masculino,1/4/1978,3
217,Wá,Jozwik,Femenino,8/28/1978,1
218,Geneviève,Blaxill,Femenino,10/27/1978,2
219,Åke,Pounds,Masculino,8/11/1973,4
220,Géraldine,Yearne,Masculino,4/25/1974,7
221,Océanne,Stonier,Masculino,12/19/1950,5
222,Mélanie,Vallantine,Masculino,5/17/1978,5
223,Amélie,Elener,Femenino,3/15/1978,1
224,Cléa,Gough,Masculino,2/12/1978,3
225,Pénélope,Yakobowitz,Femenino,10/15/1977,7
226,Maïly,Davidavidovics,Femenino,1/20/1960,4
227,Marie-françoise,Gowing,Masculino,3/10/1952,3
228,Lyséa,McGeouch,Femenino,5/24/1971,2
229,Marie-thérèse,Kellart,Femenino,2/6/1957,3
230,Maëlys,Gain,Femenino,5/15/1953,2
231,Danièle,Attreed,Femenino,10/31/1971,6
232,Amélie,Hampe,Femenino,3/23/1954,5
233,Loïs,Phelips,Masculino,6/12/1969,4
234,Uò,Darque,Femenino,6/7/1980,6
235,Félicie,Crippill,Masculino,1/18/1964,2
236,Hélèna,Larway,Masculino,9/22/1965,8
237,Maïté,Josifovitz,Masculino,12/30/1961,9
238,Pélagie,Sobey,Masculino,5/27/1980,7
239,Faîtes,Yosifov,Femenino,4/14/1979,2
240,Annotés,Tubble,Masculino,6/23/1960,7
241,Märta,Fensome,Masculino,2/11/1955,2
242,Vérane,Bonsey,Femenino,5/21/1951,7
243,Rébecca,Bycraft,Femenino,3/4/1956,7
244,Séverine,Liffe,Masculino,7/1/1955,3
245,Göran,Bantick,Masculino,6/12/1954,8
246,Bécassine,Kreutzer,Femenino,12/12/1964,5
247,Cléopatre,McLemon,Femenino,8/13/1970,4
248,Pål,Kenforth,Masculino,8/5/1969,5
249,Maïté,Coppens,Masculino,6/7/1955,4
250,Cinéma,Routham,Masculino,6/5/1966,5
251,Sélène,Kedslie,Masculino,11/1/1977,1
252,Athéna,Franzke,Masculino,3/27/1973,8
253,Mårten,Rulton,Femenino,8/10/1950,2
254,Irène,Simonard,Femenino,5/16/1951,2
255,Méghane,Pressman,Femenino,8/10/1954,8
256,Agnès,Punch,Masculino,2/19/1973,6
257,Méng,Vance,Femenino,12/2/1972,5
258,Gaïa,Densie,Femenino,3/15/1968,8
259,Mylène,Shuttle,Masculino,6/2/1975,10
260,Personnalisée,Butte,Masculino,1/27/1958,2
261,Wá,Ferrige,Masculino,4/29/1977,6
262,Véronique,Cradoc,Masculino,10/19/1954,3
263,Méghane,Pollastrino,Femenino,2/17/1959,2
264,Maëline,Davoren,Masculino,11/30/1976,7
265,Félicie,Cordsen,Masculino,5/15/1966,9
266,Dafnée,Dupre,Masculino,5/8/1969,8
267,Loïca,Plover,Masculino,11/18/1952,9
268,Ráo,Rolfi,Masculino,6/24/1958,4
269,Lèi,Pedder,Masculino,9/12/1963,7
270,Táng,Baudasso,Femenino,3/27/1961,6
271,Yóu,Szachniewicz,Masculino,1/15/1970,9
272,Aimée,Bossons,Femenino,2/6/1953,9
273,Méline,Girton,Masculino,8/30/1953,6
274,Gérald,Goodliffe,Femenino,3/1/1976,7
275,Geneviève,Smidmor,Masculino,5/18/1966,7
276,Noëlla,Layhe,Masculino,4/19/1973,8
277,Jú,MacLennan,Femenino,3/5/1975,1
278,Marie-françoise,Storer,Femenino,10/11/1957,3
279,Styrbjörn,Berger,Femenino,3/11/1972,6
280,Laurène,Rome,Masculino,1/2/1977,4
281,Océanne,Coast,Femenino,3/7/1972,4
282,Léone,Goldine,Femenino,4/12/1975,3
283,Pål,Leakner,Masculino,11/2/1962,6
284,Estée,Alchin,Femenino,9/6/1965,6
285,Vénus,Redbourn,Femenino,6/7/1965,7
286,Yè,Haddrill,Masculino,6/18/1958,9
287,Nuó,Matten,Masculino,4/18/1961,2
288,Yáo,Haswall,Femenino,6/19/1966,2
289,Danièle,Joanic,Femenino,3/29/1957,8
290,Joséphine,Clarke-Williams,Masculino,7/22/1974,4
291,Pò,Wrigley,Femenino,9/8/1956,7
292,Magdalène,Conry,Masculino,3/28/1978,9
293,Erwéi,Boltwood,Masculino,11/22/1970,4
294,Marie-josée,Vaen,Femenino,7/23/1972,2
295,Anaé,Duncanson,Femenino,4/10/1970,7
296,Erwéi,McNirlan,Femenino,6/8/1966,5
297,Mårten,Whitlaw,Masculino,11/3/1966,7
298,Agnès,Megarrell,Femenino,4/22/1964,5
299,Vérane,Baumber,Femenino,2/3/1971,10
300,Céline,Cayley,Masculino,11/12/1979,10
301,Maëly,Benford,Masculino,4/6/1974,4
302,Salomé,Tabbernor,Masculino,4/11/1975,1
303,Géraldine,Vlasyev,Femenino,1/24/1971,2
304,Solène,Phizakarley,Masculino,8/3/1966,10
305,Göran,Beardall,Masculino,8/7/1971,6
306,Bérangère,Loveridge,Femenino,8/18/1974,8
307,Yè,Gollin,Femenino,10/17/1968,7
308,Edmée,Stammers,Masculino,12/23/1978,6
309,Maïly,MacGibbon,Masculino,12/31/1965,1
310,Almérinda,Braidley,Femenino,2/9/1980,10
311,Ruò,Barkaway,Masculino,6/22/1955,4
312,Marylène,Lascelles,Femenino,12/23/1964,8
313,Desirée,Blackledge,Masculino,12/10/1972,1
314,Ruò,Tozer,Masculino,6/14/1960,5
315,Sélène,Hughes,Masculino,9/20/1962,8
316,Laurélie,Rous,Femenino,7/6/1965,9
317,Gérald,Janning,Masculino,6/4/1971,1
318,Måns,Primak,Femenino,2/23/1953,3
319,Fèi,McKeever,Femenino,9/17/1962,5
320,Audréanne,Billham,Femenino,7/17/1952,2
321,Bécassine,Lyvon,Masculino,11/27/1969,8
322,Maëline,Pardie,Femenino,8/4/1960,3
323,Gisèle,Sidworth,Masculino,9/12/1955,4
324,Görel,Davis,Masculino,10/31/1950,9
325,Joséphine,Relton,Femenino,12/17/1965,7
326,Méghane,Klausen,Femenino,10/12/1976,6
327,Aurélie,Guinness,Masculino,5/6/1951,4
328,Göran,Hark,Femenino,2/20/1962,1
329,Ophélie,Macbeth,Femenino,3/13/1978,10
330,Maëlla,Yandell,Masculino,5/23/1971,1
331,Garçon,Schlagman,Masculino,1/26/1958,8
332,Sélène,Adamsson,Masculino,4/17/1953,6
333,Andréanne,McGrill,Femenino,11/10/1968,10
334,Fèi,Vedeneev,Masculino,6/28/1966,10
335,Léa,Noell,Masculino,3/16/1979,4
336,Gisèle,Shay,Femenino,11/23/1975,7
337,Edmée,MacKeever,Masculino,4/15/1980,9
338,Anaé,Cowely,Masculino,1/18/1968,4
339,Adélie,Monteath,Femenino,11/1/1974,4
340,Géraldine,Domenichelli,Masculino,9/20/1955,9
341,Marie-thérèse,Norewood,Masculino,5/23/1965,5
342,Lóng,Harrow,Masculino,10/19/1973,6
343,Pò,Crayk,Femenino,9/18/1958,3
344,Clémentine,Klaes,Masculino,2/8/1978,9
345,Laïla,Cannop,Masculino,6/4/1968,8
346,Lucrèce,Corryer,Masculino,8/29/1952,9
347,Salomé,Muckian,Masculino,1/4/1951,2
348,Maïlys,Duffett,Masculino,12/18/1958,4
349,Geneviève,Larraway,Femenino,3/14/1953,7
350,Mén,Rhodef,Masculino,11/21/1975,3
351,Björn,Brecken,Femenino,3/7/1958,2
352,Lóng,Rubanenko,Femenino,9/28/1955,5
353,Esbjörn,Westgate,Femenino,5/12/1960,6
354,Joséphine,Michiel,Femenino,12/9/1955,4
355,Maëlle,Woodfine,Femenino,12/18/1963,3
356,Mà,Matashkin,Masculino,1/3/1974,4
357,Amélie,Swayne,Masculino,7/21/1957,1
358,Marie-françoise,Glewe,Masculino,2/2/1958,1
359,Mà,Wanka,Masculino,11/15/1970,10
360,Intéressant,Leveritt,Femenino,7/2/1979,1
361,Uò,Rainon,Masculino,10/23/1977,3
362,Esbjörn,Dudman,Masculino,10/1/1953,3
363,Aurélie,McArdell,Femenino,12/17/1959,1
364,Dù,Ouver,Femenino,8/24/1962,5
365,Léana,Gallamore,Masculino,7/27/1951,4
366,Océanne,Dolling,Masculino,9/9/1975,1
367,Célia,Clawe,Femenino,10/5/1963,2
368,Mylène,Alyukin,Femenino,2/7/1958,7
369,Yénora,Magister,Masculino,9/22/1974,9
370,Célia,Gregory,Masculino,2/22/1960,7
371,Illustrée,Hoyland,Masculino,6/8/1972,10
372,Nélie,Whittuck,Femenino,10/12/1965,2
373,Irène,Tibbotts,Femenino,1/9/1977,4
374,Frédérique,Python,Masculino,1/21/1972,1
375,Noëlla,Pull,Femenino,12/8/1955,8
376,Cécilia,Hedling,Femenino,9/3/1951,9
377,Gaétane,Morrowe,Masculino,2/23/1961,4
378,Nuó,Dreng,Masculino,8/10/1972,10
379,Björn,Robben,Masculino,9/22/1954,9
380,Renée,Canham,Masculino,11/15/1962,6
381,Estée,Kenryd,Masculino,8/14/1950,8
382,Gisèle,Hauxwell,Femenino,6/4/1951,1
383,Naéva,Dameisele,Femenino,1/9/1980,7
384,Táng,Egdal,Masculino,3/20/1970,3
385,Maëlle,Shovelton,Femenino,5/13/1973,9
386,Aurélie,De Ruel,Femenino,5/12/1954,3
387,Laurélie,MacLoughlin,Masculino,1/8/1952,8
388,Adèle,Killock,Femenino,4/10/1960,4
389,Uò,Jordin,Masculino,10/12/1973,3
390,Pål,Carik,Femenino,7/29/1973,4
391,Bérangère,Kadwallider,Masculino,6/10/1970,3
392,Aurélie,Berget,Femenino,7/26/1950,2
393,Edmée,Hawkins,Femenino,6/9/1959,10
394,Aloïs,Londer,Femenino,9/20/1974,8
395,Néhémie,Wigsell,Femenino,1/10/1970,5
396,Aurélie,Pady,Femenino,11/16/1960,3
397,Régine,Brezlaw,Masculino,7/16/1953,4
398,Mélanie,Kleiser,Femenino,7/27/1951,6
399,Dafnée,Hailwood,Masculino,8/26/1969,4
400,Judicaël,Pierpoint,Femenino,5/26/1953,4
401,Gaïa,Slimme,Masculino,6/14/1972,8
402,Mà,Krochmann,Masculino,5/4/1962,4
403,Andréa,Arnaez,Masculino,2/4/1961,5
404,Vérane,Spear,Femenino,11/2/1974,7
405,Zoé,Tommasuzzi,Femenino,8/20/1974,9
406,Athéna,Branni,Femenino,9/23/1968,4
407,Maïté,Deinert,Masculino,11/11/1969,2
408,Bérangère,Staneland,Femenino,10/23/1979,10
409,Aurélie,Giacobini,Masculino,1/11/1976,8
410,Ophélie,Aspinell,Masculino,1/17/1966,7
411,Märta,Doll,Masculino,4/7/1968,10
412,Torbjörn,Clancey,Masculino,9/26/1959,5
413,Annotée,Boundey,Femenino,1/11/1972,8
414,Salomé,Kaes,Masculino,10/11/1969,4
415,Mégane,Ferfulle,Masculino,4/21/1964,10
416,Maëlle,Sporgeon,Masculino,12/19/1966,10
417,Marie-hélène,Chesshyre,Masculino,5/2/1951,9
418,Clémentine,Ramsay,Femenino,5/31/1968,5
419,Måns,Meanwell,Femenino,6/9/1965,6
420,Magdalène,Bennallck,Masculino,7/4/1967,5
421,Noëlla,Dobie,Masculino,11/14/1952,3
422,Sélène,Hanbridge,Femenino,2/13/1978,8
423,Léana,Rosas,Masculino,11/11/1971,9
424,Gisèle,Butts,Femenino,4/20/1980,10
425,Anaël,Baudrey,Masculino,8/16/1953,10
426,Célia,Stryde,Masculino,10/28/1953,5
427,Laurène,Stratton,Masculino,11/15/1962,9
428,Andréanne,Ughelli,Masculino,1/19/1965,9
429,Danièle,Oehme,Masculino,12/31/1953,8
430,Mà,Clohissy,Femenino,4/19/1960,9
431,Danièle,Ivakhnov,Masculino,5/27/1970,1
432,Maëlann,Marte,Masculino,9/7/1959,4
433,Andréanne,Drinan,Masculino,8/6/1978,8
434,Marie-ève,Sandison,Femenino,11/1/1973,6
435,Gisèle,Clinnick,Masculino,6/1/1976,9
436,Pò,Navaro,Femenino,12/19/1971,6
437,Mélanie,Passingham,Femenino,7/1/1965,6
438,Valérie,Lamerton,Femenino,5/23/1971,2
439,Kévina,Vigers,Masculino,1/10/1963,5
440,Naëlle,Donoghue,Masculino,2/17/1977,6
441,Illustrée,Walcar,Femenino,2/8/1955,5
442,Åsa,Taysbil,Femenino,7/15/1960,6
443,Marie-noël,Adrienne,Femenino,2/26/1975,4
444,Cécile,Pluthero,Femenino,12/3/1951,9
445,Daphnée,Mee,Femenino,6/18/1962,4
446,Anaëlle,De Vaan,Femenino,3/19/1969,10
447,Tú,Gorghetto,Masculino,2/26/1978,9
448,Renée,Deas,Masculino,12/20/1958,7
449,Pénélope,Christoforou,Femenino,6/11/1952,7
450,Miléna,Tillman,Femenino,4/5/1956,5
451,Joséphine,Dessant,Masculino,12/4/1968,10
452,Maïté,Ginman,Femenino,2/2/1976,4
453,Maëly,Pretti,Masculino,5/24/1961,6
454,Lauréna,Bohlin,Masculino,3/7/1959,2
455,Cloé,Ivantyev,Masculino,7/15/1960,9
456,Félicie,Kissock,Masculino,12/3/1956,1
457,Naéva,Pourveer,Femenino,4/12/1970,8
458,Ophélie,Klimus,Femenino,12/14/1950,1
459,Adèle,Roadnight,Femenino,3/1/1962,3
460,Josée,Kiely,Femenino,10/8/1973,6
461,Geneviève,Beeching,Masculino,2/3/1952,2
462,Mà,Klimuk,Masculino,11/4/1953,3
463,Börje,Hacaud,Femenino,7/17/1951,10
464,Maïté,Bernakiewicz,Femenino,6/19/1960,7
465,Méthode,Motion,Femenino,4/21/1963,5
466,Marylène,Duly,Femenino,5/4/1963,3
467,Edmée,Akast,Masculino,5/6/1972,9
468,Agnès,Sign,Masculino,10/30/1979,7
469,Maëly,Izsak,Femenino,7/8/1975,7
470,Mahélie,Lally,Femenino,1/22/1955,1
471,Jú,O'Hear,Masculino,4/15/1963,7
472,Athéna,Addeycott,Femenino,8/27/1962,2
473,Néhémie,Gerrans,Femenino,5/19/1967,1
474,Stéphanie,Volkes,Masculino,6/18/1977,2
475,Bénédicte,Moulding,Masculino,1/8/1951,6
476,Yóu,Roseaman,Masculino,3/29/1980,3
477,Tú,McKay,Femenino,7/12/1964,6
478,Laurène,Oene,Masculino,8/10/1957,10
479,Bérengère,Fairweather,Masculino,5/2/1958,10
480,Garçon,Moyser,Masculino,4/26/1979,10
481,Yú,Manntschke,Femenino,4/27/1953,7
482,Pélagie,Macey,Femenino,3/14/1977,9
483,Wá,Livens,Masculino,10/13/1956,4
484,Åke,Rigglesford,Femenino,7/17/1978,9
485,Céline,Cadogan,Masculino,9/17/1956,6
486,Angèle,Girhard,Femenino,1/29/1960,1
487,Réservés,Davydochkin,Femenino,4/16/1977,10
488,Lèi,Tipling,Femenino,12/2/1958,2
489,Hélène,Greystoke,Femenino,4/21/1958,6
490,Léandre,Golley,Femenino,8/29/1963,7
491,Loïc,Pizer,Femenino,6/2/1971,8
492,Félicie,Hawkridge,Femenino,6/8/1954,4
493,Håkan,Pemble,Femenino,2/15/1974,2
494,Lauréna,O'Cassidy,Femenino,10/21/1965,3
495,Audréanne,Gowland,Femenino,12/4/1968,8
496,Marie-ève,Squeers,Masculino,6/13/1951,6
497,Maëly,Buney,Masculino,9/29/1969,4
498,Maëline,Cardoo,Masculino,6/20/1950,2
499,Salomé,Woffinden,Masculino,9/26/1958,5
500,Océane,Eastcourt,Masculino,5/27/1958,5
