id,anio,nivel,grado,secci√≥n,idProfesorEncargado,salon
1,1994,primaria,4,A,254,31
2,1992,basicos,2,B,54,12
3,1993,diversificado,3,C,387,43
4,1992,primaria,3,D,180,71
5,1996,basicos,1,E,437,28
6,1992,diversificado,3,F,140,60
7,2018,primaria,5,A,214,42
8,1993,basicos,1,B,12,2
9,2009,diversificado,3,C,358,42
10,2008,primaria,2,D,253,59
11,1992,basicos,1,E,300,10
12,2018,diversificado,2,F,128,63
13,2017,primaria,2,A,432,20
14,2004,basicos,3,B,125,28
15,2005,diversificado,2,C,66,40
16,1994,primaria,4,D,326,56
17,2006,basicos,3,E,488,22
18,2011,diversificado,3,F,5,72
19,1990,primaria,3,A,333,14
20,2013,basicos,2,B,384,57
21,1997,diversificado,3,C,14,20
22,2017,primaria,6,D,32,15
23,2012,basicos,1,E,497,44
24,1995,diversificado,2,F,463,61
25,2012,primaria,1,A,294,48
26,1994,basicos,2,B,133,28
27,2016,diversificado,2,C,75,5
28,2010,primaria,5,D,161,53
29,2008,basicos,2,E,44,18
30,2016,diversificado,1,F,208,21
31,2005,primaria,5,A,196,32
32,1996,basicos,1,B,175,37
33,2019,diversificado,3,C,357,22
34,2013,primaria,6,D,51,32
35,2001,basicos,2,E,260,9
36,1990,diversificado,3,F,65,9
37,1991,primaria,6,A,17,31
38,1995,basicos,2,B,485,9
39,2004,diversificado,3,C,148,29
40,2019,primaria,1,D,403,10
41,1999,basicos,1,E,70,61
42,2003,diversificado,2,F,11,51
43,2002,primaria,2,A,234,20
44,2012,basicos,3,B,14,26
45,1990,diversificado,2,C,250,65
46,2020,primaria,2,D,76,67
47,2017,basicos,1,E,321,70
48,2015,diversificado,1,F,348,4
49,2002,primaria,5,A,224,39
50,2016,basicos,2,B,17,29
51,2011,diversificado,2,C,491,43
52,2010,primaria,3,D,183,56
53,2018,basicos,2,E,441,36
54,1996,diversificado,3,F,482,20
55,1994,primaria,4,A,318,55
56,2016,basicos,1,B,35,60
57,1996,diversificado,3,C,103,7
58,2006,primaria,2,D,416,3
59,2008,basicos,3,E,111,25
60,1999,diversificado,3,F,36,35
61,2014,primaria,1,A,382,55
62,1994,basicos,1,B,210,40
63,2010,diversificado,1,C,204,61
64,2007,primaria,3,D,124,45
65,2000,basicos,1,E,319,18
66,1995,diversificado,2,F,220,57
67,1991,primaria,5,A,241,28
68,2001,basicos,3,B,469,3
69,2002,diversificado,2,C,254,35
70,2005,primaria,3,D,12,61
71,1992,basicos,1,E,149,2
72,1991,diversificado,3,F,283,49
73,2012,primaria,1,A,52,69
74,1993,basicos,1,B,432,26
75,1990,diversificado,1,C,410,66
76,2007,primaria,6,D,456,61
77,2014,basicos,1,E,302,70
78,1993,diversificado,2,F,201,48
79,1999,primaria,3,A,391,19
80,2010,basicos,3,B,462,3
81,1992,diversificado,1,C,423,39
82,2009,primaria,1,D,425,7
83,2001,basicos,1,E,72,45
84,2013,diversificado,1,F,164,39
85,2004,primaria,2,A,426,18
86,2003,basicos,2,B,269,59
87,1991,diversificado,1,C,6,5
88,2007,primaria,4,D,257,53
89,2015,basicos,2,E,306,39
90,1996,diversificado,1,F,469,24
91,2012,primaria,2,A,93,33
92,2013,basicos,2,B,93,36
93,1996,diversificado,2,C,467,45
94,2017,primaria,4,D,488,7
95,1991,basicos,3,E,42,16
96,2013,diversificado,3,F,449,52
97,2005,primaria,2,A,475,2
98,2002,basicos,2,B,217,71
99,1991,diversificado,2,C,91,4
100,1992,primaria,5,D,179,71
101,1992,basicos,3,E,252,54
102,2015,diversificado,1,F,251,47
103,2000,primaria,6,A,236,42
104,1991,basicos,2,B,300,1
105,2020,diversificado,1,C,325,49
106,2018,primaria,5,D,397,62
107,2005,basicos,1,E,25,11
108,1997,diversificado,2,F,72,53
109,1994,primaria,5,A,470,49
110,2014,basicos,2,B,415,40
111,2012,diversificado,2,C,181,15
112,2016,primaria,6,D,234,12
113,2002,basicos,2,E,454,58
114,2017,diversificado,1,F,390,10
115,2013,primaria,3,A,478,22
116,2014,basicos,3,B,208,47
117,2018,diversificado,2,C,497,23
118,2008,primaria,3,D,458,11
119,1996,basicos,2,E,23,53
120,2018,diversificado,3,F,106,64
121,2017,primaria,5,A,226,30
122,2014,basicos,2,B,295,39
123,2004,diversificado,3,C,196,35
124,2018,primaria,6,D,498,63
125,2013,basicos,3,E,341,43
126,1996,diversificado,1,F,293,39
127,1998,primaria,4,A,222,66
128,2009,basicos,3,B,211,25
129,2019,diversificado,2,C,453,40
130,1997,primaria,1,D,100,37
131,2017,basicos,1,E,372,50
132,2018,diversificado,1,F,103,1
133,2011,primaria,4,A,194,24
134,2016,basicos,3,B,255,41
135,1992,diversificado,1,C,411,64
136,2005,primaria,2,D,25,33
137,1999,basicos,3,E,209,34
138,1999,diversificado,3,F,419,64
139,2015,primaria,6,A,126,33
140,2003,basicos,2,B,226,3
141,1995,diversificado,1,C,423,54
142,2015,primaria,1,D,336,69
143,2016,basicos,3,E,338,48
144,2002,diversificado,3,F,134,3
145,2006,primaria,2,A,60,31
146,1999,basicos,3,B,201,50
147,1999,diversificado,1,C,387,34
148,1992,primaria,2,D,215,3
149,1995,basicos,2,E,383,4
150,1994,diversificado,1,F,376,3
151,2004,primaria,5,A,298,12
152,2018,basicos,3,B,302,67
153,2016,diversificado,3,C,266,47
154,1999,primaria,1,D,465,45
155,2014,basicos,3,E,436,30
156,2002,diversificado,3,F,255,32
157,2017,primaria,4,A,328,1
158,2002,basicos,2,B,165,72
159,2000,diversificado,3,C,278,59
160,2011,primaria,5,D,326,6
161,1990,basicos,3,E,425,1
162,2003,diversificado,3,F,45,35
163,2015,primaria,4,A,185,48
164,2009,basicos,2,B,263,43
165,2010,diversificado,3,C,224,27
166,2000,primaria,6,D,208,3
167,2002,basicos,2,E,189,63
168,2006,diversificado,1,F,91,58
169,2018,primaria,5,A,112,72
170,1991,basicos,1,B,385,39
171,2012,diversificado,2,C,72,44
172,2004,primaria,1,D,249,3
173,2018,basicos,1,E,349,47
174,2007,diversificado,2,F,336,45
175,2011,primaria,5,A,280,33
176,2020,basicos,1,B,71,32
177,2013,diversificado,1,C,286,62
178,2012,primaria,1,D,226,71
179,2005,basicos,3,E,245,36
180,1999,diversificado,1,F,200,68
181,2007,primaria,4,A,455,67
182,1995,basicos,3,B,15,21
183,2015,diversificado,3,C,440,69
184,2010,primaria,5,D,288,49
185,2001,basicos,1,E,63,15
186,2013,diversificado,1,F,29,7
187,1992,primaria,2,A,497,31
188,2005,basicos,3,B,403,52
189,2008,diversificado,2,C,102,43
190,1997,primaria,2,D,77,64
191,2019,basicos,2,E,361,8
192,2008,diversificado,2,F,378,71
193,1990,primaria,2,A,259,30
194,2013,basicos,1,B,374,31
195,2016,diversificado,1,C,235,25
196,1992,primaria,3,D,91,37
197,2011,basicos,1,E,325,35
198,2000,diversificado,2,F,270,11
199,2000,primaria,1,A,78,27
200,2020,basicos,2,B,118,71
201,1998,diversificado,2,C,437,18
202,1992,primaria,1,D,56,60
203,2019,basicos,3,E,444,61
204,1996,diversificado,3,F,19,15
205,1995,primaria,3,A,448,21
206,2013,basicos,1,B,41,66
207,2014,diversificado,1,C,343,48
208,1996,primaria,1,D,455,41
209,1992,basicos,3,E,114,3
210,1999,diversificado,3,F,390,63
211,1998,primaria,2,A,291,55
212,2006,basicos,1,B,281,17
213,2009,diversificado,3,C,350,55
214,2015,primaria,5,D,420,31
215,2008,basicos,2,E,241,11
216,2017,diversificado,3,F,303,66
217,1998,primaria,4,A,343,30
218,1995,basicos,1,B,222,6
219,1990,diversificado,3,C,381,10
220,1993,primaria,6,D,460,10
221,2015,basicos,1,E,411,19
222,2009,diversificado,1,F,375,54
223,1995,primaria,6,A,158,37
224,2018,basicos,2,B,196,53
225,2016,diversificado,3,C,367,71
226,2011,primaria,1,D,264,57
227,2013,basicos,2,E,283,24
228,2014,diversificado,2,F,143,12
229,1999,primaria,5,A,394,11
230,2001,basicos,1,B,84,5
231,2015,diversificado,1,C,15,56
232,2000,primaria,4,D,85,25
233,2014,basicos,2,E,446,65
234,2010,diversificado,2,F,489,8
235,2011,primaria,4,A,459,65
236,1998,basicos,3,B,464,35
237,2015,diversificado,3,C,238,72
238,2008,primaria,2,D,462,44
239,2018,basicos,3,E,275,41
240,2017,diversificado,1,F,60,53
241,2020,primaria,2,A,170,11
242,1997,basicos,2,B,206,23
243,2007,diversificado,3,C,226,62
244,2004,primaria,3,D,309,17
245,2015,basicos,3,E,191,16
246,1994,diversificado,2,F,166,6
247,2016,primaria,1,A,135,35
248,2019,basicos,2,B,7,52
249,2007,diversificado,1,C,246,12
250,2019,primaria,5,D,397,25
251,2018,basicos,3,E,409,68
252,1992,diversificado,1,F,374,21
253,2002,primaria,6,A,461,52
254,2017,basicos,3,B,474,50
255,1995,diversificado,1,C,332,23
256,2012,primaria,5,D,145,39
257,1991,basicos,1,E,89,43
258,1993,diversificado,3,F,373,13
259,2011,primaria,2,A,84,46
260,1993,basicos,2,B,356,72
261,1990,diversificado,1,C,199,4
262,1990,primaria,6,D,37,48
263,1995,basicos,3,E,174,40
264,2009,diversificado,2,F,63,6
265,1992,primaria,2,A,178,12
266,2012,basicos,2,B,278,32
267,2010,diversificado,2,C,440,22
268,1997,primaria,4,D,462,14
269,1995,basicos,3,E,363,29
270,1990,diversificado,3,F,92,55
271,2008,primaria,1,A,188,19
272,1997,basicos,2,B,275,68
273,2017,diversificado,1,C,349,58
274,2012,primaria,1,D,8,70
275,1998,basicos,2,E,266,54
276,2001,diversificado,3,F,445,69
277,2019,primaria,4,A,439,35
278,2012,basicos,3,B,225,40
279,1995,diversificado,2,C,96,51
280,2012,primaria,3,D,449,18
281,2020,basicos,3,E,391,65
282,1993,diversificado,1,F,130,28
283,2007,primaria,5,A,481,6
284,2008,basicos,1,B,487,68
285,1997,diversificado,1,C,496,17
286,2002,primaria,4,D,428,8
287,1990,basicos,1,E,46,31
288,2010,diversificado,2,F,130,40
289,1990,primaria,1,A,281,44
290,2013,basicos,3,B,289,55
291,2001,diversificado,2,C,106,22
292,2019,primaria,4,D,9,41
293,1991,basicos,3,E,41,66
294,2016,diversificado,1,F,126,7
295,2020,primaria,5,A,436,45
296,2005,basicos,1,B,497,30
297,2020,diversificado,2,C,471,41
298,2013,primaria,4,D,96,23
299,2018,basicos,2,E,152,33
300,1998,diversificado,1,F,184,15
301,2012,primaria,1,A,149,66
302,1997,basicos,3,B,366,55
303,1994,diversificado,1,C,294,62
304,2004,primaria,6,D,58,69
305,1994,basicos,3,E,99,23
306,2001,diversificado,1,F,223,48
307,2009,primaria,2,A,368,55
308,1994,basicos,3,B,108,33
309,1996,diversificado,2,C,378,58
310,2000,primaria,3,D,53,51
311,2011,basicos,3,E,64,25
312,2008,diversificado,1,F,492,18
313,2009,primaria,3,A,319,45
314,2005,basicos,2,B,395,34
315,1991,diversificado,2,C,326,64
316,1992,primaria,3,D,195,30
317,2020,basicos,3,E,225,71
318,2018,diversificado,1,F,147,60
319,2019,primaria,5,A,349,25
320,2000,basicos,3,B,464,66
321,2013,diversificado,3,C,45,38
322,2000,primaria,2,D,160,5
323,1997,basicos,1,E,38,30
324,1993,diversificado,3,F,224,42
325,2009,primaria,1,A,291,51
326,2012,basicos,2,B,36,40
327,2001,diversificado,2,C,283,23
328,2010,primaria,4,D,411,50
329,2003,basicos,3,E,50,1
330,2012,diversificado,1,F,182,58
331,1996,primaria,4,A,178,31
332,2006,basicos,2,B,119,70
333,2016,diversificado,2,C,298,7
334,2009,primaria,3,D,251,23
335,1994,basicos,3,E,387,41
336,2010,diversificado,3,F,260,32
337,1992,primaria,2,A,285,53
338,1992,basicos,3,B,9,62
339,2008,diversificado,1,C,100,30
340,1992,primaria,1,D,197,18
341,2005,basicos,3,E,406,58
342,2008,diversificado,3,F,409,67
343,1991,primaria,6,A,432,32
344,1994,basicos,3,B,375,64
345,2018,diversificado,1,C,216,34
346,2009,primaria,4,D,162,40
347,1999,basicos,1,E,55,25
348,1999,diversificado,3,F,83,47
349,1990,primaria,4,A,356,32
350,2011,basicos,2,B,251,50
351,2019,diversificado,1,C,147,61
352,2003,primaria,5,D,308,9
353,1999,basicos,3,E,115,28
354,2010,diversificado,3,F,189,23
355,1997,primaria,5,A,57,10
356,2000,basicos,3,B,494,8
357,2017,diversificado,2,C,101,33
358,2003,primaria,3,D,296,43
359,2014,basicos,2,E,219,27
360,2017,diversificado,1,F,382,26
361,2006,primaria,2,A,358,53
362,1991,basicos,1,B,180,62
363,1999,diversificado,1,C,272,51
364,2013,primaria,2,D,230,34
365,2016,basicos,3,E,70,10
366,1995,diversificado,3,F,484,36
367,1997,primaria,2,A,149,45
368,2008,basicos,2,B,402,39
369,1998,diversificado,3,C,364,54
370,1990,primaria,4,D,292,30
371,2010,basicos,3,E,361,39
372,2003,diversificado,2,F,23,5
373,2017,primaria,5,A,151,30
374,2000,basicos,1,B,61,7
375,2015,diversificado,3,C,317,36
376,2006,primaria,1,D,282,33
377,2017,basicos,1,E,472,34
378,1997,diversificado,3,F,61,7
379,2005,primaria,4,A,329,41
380,2017,basicos,2,B,408,36
381,2017,diversificado,1,C,286,4
382,2020,primaria,3,D,147,13
383,2020,basicos,2,E,433,41
384,2005,diversificado,2,F,29,15
385,2006,primaria,3,A,155,36
386,2005,basicos,1,B,143,2
387,2013,diversificado,2,C,192,23
388,1993,primaria,4,D,291,28
389,1998,basicos,2,E,272,59
390,2018,diversificado,3,F,311,27
391,2008,primaria,2,A,56,25
392,2013,basicos,1,B,340,4
393,1996,diversificado,3,C,158,28
394,1999,primaria,2,D,50,35
395,1993,basicos,3,E,132,59
396,2014,diversificado,1,F,265,8
397,1994,primaria,1,A,357,67
398,2015,basicos,2,B,376,60
399,2016,diversificado,2,C,108,30
400,1995,primaria,5,D,37,56
401,2013,basicos,1,E,308,12
402,1992,diversificado,3,F,296,8
403,2003,primaria,1,A,11,20
404,1994,basicos,1,B,343,41
405,2013,diversificado,2,C,353,14
406,2015,primaria,4,D,280,40
407,1993,basicos,2,E,262,38
408,1999,diversificado,1,F,2,35
409,2016,primaria,3,A,476,67
410,2015,basicos,3,B,291,54
411,2000,diversificado,1,C,286,14
412,1993,primaria,5,D,61,51
413,2020,basicos,1,E,450,34
414,2017,diversificado,3,F,124,20
415,2014,primaria,6,A,151,39
416,2009,basicos,3,B,443,35
417,1995,diversificado,2,C,80,42
418,1990,primaria,3,D,488,23
419,1999,basicos,1,E,349,20
420,1994,diversificado,3,F,486,19
421,2013,primaria,3,A,406,63
422,1993,basicos,2,B,500,45
423,2005,diversificado,1,C,397,23
424,1996,primaria,1,D,121,22
425,2003,basicos,1,E,410,24
426,2008,diversificado,1,F,228,25
427,2002,primaria,2,A,198,26
428,2017,basicos,3,B,301,29
429,2005,diversificado,2,C,147,55
430,1993,primaria,2,D,432,24
431,2006,basicos,2,E,57,52
432,2010,diversificado,2,F,360,2
433,2001,primaria,6,A,89,60
434,2012,basicos,2,B,365,44
435,2008,diversificado,3,C,33,32
436,2004,primaria,6,D,495,24
437,2014,basicos,3,E,101,18
438,2000,diversificado,2,F,447,19
439,2019,primaria,6,A,310,56
440,2009,basicos,3,B,156,63
441,2019,diversificado,1,C,177,11
442,2000,primaria,3,D,117,50
443,2003,basicos,2,E,337,65
444,1994,diversificado,1,F,346,42
445,2020,primaria,2,A,386,50
446,1995,basicos,2,B,323,35
447,2003,diversificado,3,C,97,19
448,1994,primaria,2,D,151,66
449,2008,basicos,3,E,260,26
450,2004,diversificado,3,F,440,18
451,2013,primaria,2,A,327,38
452,2009,basicos,1,B,75,25
453,1995,diversificado,3,C,165,21
454,2018,primaria,4,D,157,53
455,2013,basicos,3,E,15,5
456,1990,diversificado,3,F,487,32
457,2011,primaria,5,A,243,28
458,2020,basicos,3,B,401,2
459,2002,diversificado,2,C,426,11
460,2003,primaria,6,D,442,15
461,2002,basicos,1,E,109,21
462,2000,diversificado,2,F,82,72
463,2002,primaria,4,A,343,34
464,2003,basicos,2,B,118,33
465,1992,diversificado,1,C,119,39
466,2003,primaria,4,D,136,71
467,2013,basicos,2,E,332,10
468,2011,diversificado,2,F,496,49
469,2001,primaria,5,A,303,53
470,2016,basicos,2,B,164,1
471,2015,diversificado,1,C,466,55
472,2010,primaria,5,D,167,51
473,1994,basicos,2,E,145,37
474,1998,diversificado,2,F,85,72
475,1990,primaria,5,A,78,31
476,2010,basicos,1,B,163,55
477,1997,diversificado,3,C,239,45
478,2003,primaria,6,D,497,11
479,2015,basicos,1,E,442,61
480,1990,diversificado,1,F,43,32
481,2007,primaria,4,A,174,44
482,2005,basicos,1,B,88,4
483,2011,diversificado,2,C,93,24
484,1999,primaria,5,D,248,63
485,1993,basicos,2,E,391,63
486,1997,diversificado,3,F,434,69
487,1991,primaria,3,A,115,8
488,2019,basicos,2,B,47,36
489,2019,diversificado,2,C,235,36
490,2007,primaria,5,D,231,61
491,2000,basicos,1,E,290,21
492,2006,diversificado,2,F,184,29
493,1994,primaria,4,A,169,70
494,2002,basicos,2,B,55,42
495,2012,diversificado,1,C,306,41
496,2019,primaria,1,D,20,42
497,2016,basicos,2,E,21,18
498,2005,diversificado,3,F,180,65
499,2001,primaria,1,A,7,55
500,2000,basicos,3,B,286,33
501,1999,diversificado,2,C,188,18
502,2013,primaria,2,D,495,19
503,1999,basicos,1,E,232,52
504,1999,diversificado,1,F,294,32
505,2008,primaria,5,A,436,63
506,1998,basicos,2,B,281,36
507,2014,diversificado,3,C,168,67
508,2013,primaria,6,D,236,42
509,1991,basicos,3,E,39,19
510,2018,diversificado,1,F,347,17
511,2016,primaria,2,A,296,34
512,2020,basicos,2,B,11,20
513,2008,diversificado,2,C,60,12
514,2014,primaria,4,D,410,57
515,1996,basicos,1,E,418,24
516,2013,diversificado,2,F,138,71
517,2014,primaria,5,A,152,20
518,2018,basicos,3,B,253,64
519,1990,diversificado,3,C,165,52
520,2015,primaria,5,D,228,67
521,1991,basicos,2,E,482,67
522,2019,diversificado,3,F,464,61
523,2010,primaria,3,A,492,50
524,2008,basicos,3,B,230,27
525,1994,diversificado,3,C,387,20
526,2003,primaria,1,D,297,25
527,1990,basicos,2,E,112,59
528,2002,diversificado,2,F,469,11
529,2000,primaria,2,A,64,28
530,1990,basicos,3,B,432,3
531,1996,diversificado,3,C,477,10
532,2018,primaria,3,D,272,58
533,1997,basicos,2,E,185,69
534,2004,diversificado,1,F,92,9
535,2000,primaria,3,A,243,16
536,2012,basicos,2,B,228,43
537,1993,diversificado,1,C,19,58
538,2001,primaria,4,D,142,43
539,2010,basicos,3,E,472,37
540,2006,diversificado,3,F,227,64
541,2006,primaria,5,A,191,51
542,2000,basicos,1,B,449,15
543,1995,diversificado,3,C,10,71
544,2004,primaria,1,D,121,64
545,1990,basicos,1,E,459,68
546,2011,diversificado,3,F,99,9
547,1998,primaria,5,A,256,13
548,2010,basicos,3,B,434,50
549,1997,diversificado,3,C,25,41
550,2004,primaria,1,D,139,56
551,2015,basicos,1,E,63,23
552,2014,diversificado,2,F,32,56
553,2006,primaria,4,A,150,33
554,1996,basicos,1,B,169,65
555,2006,diversificado,2,C,244,69
556,2017,primaria,3,D,497,4
557,1999,basicos,2,E,96,36
558,2013,diversificado,3,F,330,71
559,2014,primaria,4,A,107,57
560,2017,basicos,2,B,197,63
561,1991,diversificado,2,C,468,69
562,2016,primaria,1,D,458,7
563,2016,basicos,1,E,498,15
564,2013,diversificado,2,F,418,47
565,1996,primaria,2,A,243,2
566,2011,basicos,3,B,92,44
567,2012,diversificado,3,C,121,48
568,2016,primaria,3,D,234,20
569,2003,basicos,3,E,228,45
570,2006,diversificado,3,F,13,23
571,2014,primaria,2,A,434,55
572,1992,basicos,2,B,273,45
573,1997,diversificado,1,C,383,24
574,1994,primaria,3,D,346,66
575,1992,basicos,1,E,51,72
576,2002,diversificado,3,F,404,29
577,2020,primaria,3,A,169,9
578,2005,basicos,1,B,306,8
579,1999,diversificado,3,C,498,4
580,2003,primaria,6,D,267,3
581,2008,basicos,3,E,415,14
582,2012,diversificado,1,F,245,55
583,2006,primaria,3,A,111,25
584,2002,basicos,3,B,258,67
585,2003,diversificado,3,C,309,60
586,2003,primaria,4,D,298,64
587,2019,basicos,2,E,283,16
588,2005,diversificado,1,F,335,69
589,1995,primaria,1,A,305,70
590,2015,basicos,3,B,347,68
591,2005,diversificado,2,C,170,32
592,2000,primaria,3,D,25,58
593,2018,basicos,1,E,325,17
594,1992,diversificado,3,F,324,14
595,2010,primaria,2,A,456,22
596,2002,basicos,3,B,91,23
597,2005,diversificado,3,C,222,51
598,1999,primaria,1,D,321,26
599,2011,basicos,1,E,341,8
600,2002,diversificado,2,F,404,31
601,1991,primaria,3,A,123,15
602,2010,basicos,1,B,319,15
603,1996,diversificado,3,C,480,49
604,1991,primaria,2,D,359,23
605,2008,basicos,3,E,473,12
606,1999,diversificado,2,F,169,54
607,2018,primaria,5,A,296,40
608,2006,basicos,2,B,225,9
609,2020,diversificado,1,C,142,56
610,1993,primaria,6,D,423,44
611,2018,basicos,1,E,74,70
612,1990,diversificado,1,F,378,49
613,1992,primaria,1,A,419,49
614,2000,basicos,3,B,462,30
615,1997,diversificado,3,C,499,68
616,2006,primaria,2,D,214,53
617,2020,basicos,1,E,106,43
618,2004,diversificado,1,F,370,22
619,2010,primaria,5,A,429,28
620,2001,basicos,1,B,411,53
621,1998,diversificado,3,C,477,11
622,1991,primaria,6,D,36,18
623,2005,basicos,1,E,446,28
624,2013,diversificado,3,F,431,29
625,1990,primaria,3,A,387,35
626,1992,basicos,1,B,422,8
627,2015,diversificado,3,C,19,2
628,2005,primaria,4,D,218,6
629,1998,basicos,1,E,94,14
630,2018,diversificado,2,F,274,47
631,1994,primaria,1,A,323,36
632,2011,basicos,3,B,313,50
633,2008,diversificado,2,C,403,65
634,2014,primaria,4,D,211,7
635,1997,basicos,3,E,251,32
636,2009,diversificado,2,F,340,3
637,2008,primaria,6,A,360,24
638,2017,basicos,3,B,131,25
639,1994,diversificado,3,C,404,42
640,1997,primaria,3,D,153,14
641,2005,basicos,3,E,131,37
642,2006,diversificado,2,F,147,40
643,2009,primaria,1,A,466,16
644,1994,basicos,2,B,384,39
645,2010,diversificado,1,C,138,35
646,2017,primaria,6,D,410,28
647,1998,basicos,3,E,400,55
648,2007,diversificado,2,F,95,57
649,1993,primaria,3,A,222,10
650,2004,basicos,1,B,48,35
651,2005,diversificado,2,C,365,25
652,2001,primaria,1,D,196,30
653,2017,basicos,1,E,498,5
654,2007,diversificado,1,F,369,64
655,1997,primaria,3,A,30,47
656,2018,basicos,3,B,33,41
657,2002,diversificado,2,C,17,7
658,1999,primaria,5,D,368,22
659,2002,basicos,2,E,1,5
660,2005,diversificado,1,F,393,62
661,2009,primaria,5,A,82,51
662,1997,basicos,3,B,177,38
663,1999,diversificado,3,C,375,35
664,2020,primaria,1,D,402,48
665,2018,basicos,1,E,488,12
666,1999,diversificado,2,F,44,32
667,2004,primaria,4,A,489,39
668,1997,basicos,1,B,136,26
669,2014,diversificado,3,C,479,52
670,2018,primaria,1,D,431,36
671,2010,basicos,2,E,232,37
672,2019,diversificado,2,F,183,35
673,2008,primaria,3,A,412,22
674,1995,basicos,1,B,395,31
675,2009,diversificado,2,C,186,15
676,2012,primaria,2,D,289,28
677,2011,basicos,2,E,206,17
678,2006,diversificado,1,F,203,3
679,2019,primaria,6,A,351,56
680,2011,basicos,1,B,257,18
681,2014,diversificado,2,C,57,66
682,2014,primaria,6,D,453,65
683,2005,basicos,2,E,97,30
684,2015,diversificado,2,F,434,48
685,1990,primaria,3,A,184,49
686,1997,basicos,2,B,450,38
687,1994,diversificado,1,C,159,55
688,2000,primaria,3,D,146,57
689,2013,basicos,1,E,16,28
690,2007,diversificado,2,F,450,26
691,1996,primaria,3,A,47,71
692,2001,basicos,2,B,467,65
693,1993,diversificado,2,C,328,7
694,2016,primaria,2,D,188,20
695,1992,basicos,3,E,272,3
696,2006,diversificado,1,F,222,33
697,2001,primaria,1,A,342,1
698,2001,basicos,3,B,23,33
699,1995,diversificado,1,C,16,19
700,2016,primaria,4,D,385,11
701,2020,basicos,3,E,373,51
702,2014,diversificado,2,F,316,16
703,2011,primaria,2,A,66,34
704,2015,basicos,1,B,23,6
705,2006,diversificado,3,C,45,42
706,2004,primaria,1,D,275,70
707,2015,basicos,1,E,74,61
708,2020,diversificado,2,F,43,40
709,1993,primaria,6,A,363,32
710,2008,basicos,3,B,124,29
711,1992,diversificado,1,C,435,6
712,1993,primaria,2,D,354,71
713,1995,basicos,1,E,164,69
714,1994,diversificado,1,F,136,50
715,2012,primaria,2,A,53,35
716,2008,basicos,3,B,306,25
717,2011,diversificado,2,C,380,41
718,2000,primaria,6,D,108,4
719,2019,basicos,3,E,151,5
720,1992,diversificado,1,F,491,42
721,2010,primaria,3,A,97,7
722,2012,basicos,3,B,284,4
723,2011,diversificado,1,C,76,19
724,1990,primaria,5,D,138,23
725,2000,basicos,1,E,441,37
726,2005,diversificado,3,F,461,55
727,1990,primaria,6,A,40,58
728,2011,basicos,2,B,119,57
729,1992,diversificado,1,C,420,13
730,1991,primaria,1,D,171,64
731,2003,basicos,2,E,140,42
732,2016,diversificado,2,F,310,61
733,1992,primaria,1,A,165,10
734,2005,basicos,2,B,266,27
735,2010,diversificado,1,C,247,26
736,2016,primaria,5,D,52,53
737,2000,basicos,1,E,341,53
738,2006,diversificado,2,F,114,48
739,2018,primaria,6,A,295,4
740,2009,basicos,1,B,213,69
741,2002,diversificado,1,C,487,53
742,2014,primaria,4,D,255,25
743,1993,basicos,2,E,33,18
744,1990,diversificado,2,F,436,38
745,1997,primaria,6,A,253,4
746,1998,basicos,2,B,479,41
747,2005,diversificado,2,C,50,56
748,2005,primaria,2,D,368,33
749,2004,basicos,1,E,144,11
750,1999,diversificado,3,F,233,19
751,2017,primaria,6,A,127,1
752,2000,basicos,2,B,315,42
753,2011,diversificado,2,C,209,12
754,2002,primaria,5,D,209,49
755,1992,basicos,3,E,207,5
756,1995,diversificado,3,F,118,50
757,2016,primaria,6,A,347,13
758,1999,basicos,2,B,285,54
759,2009,diversificado,3,C,90,24
760,2013,primaria,4,D,78,16
761,2002,basicos,3,E,455,52
762,2007,diversificado,1,F,385,24
763,1996,primaria,2,A,288,56
764,2017,basicos,3,B,56,21
765,1991,diversificado,3,C,45,9
766,1993,primaria,4,D,178,20
767,2000,basicos,3,E,485,6
768,2019,diversificado,3,F,171,55
769,2008,primaria,4,A,421,58
770,2014,basicos,3,B,1,34
771,1993,diversificado,2,C,71,19
772,2018,primaria,5,D,342,30
773,2019,basicos,2,E,144,2
774,2020,diversificado,1,F,252,9
775,2019,primaria,5,A,342,52
776,1997,basicos,2,B,369,45
777,2008,diversificado,3,C,481,16
778,2009,primaria,5,D,230,8
779,2017,basicos,3,E,186,53
780,2013,diversificado,2,F,64,66
781,2015,primaria,5,A,326,33
782,2014,basicos,1,B,201,18
783,2007,diversificado,1,C,331,60
784,2007,primaria,2,D,414,6
785,2017,basicos,3,E,27,71
786,2014,diversificado,2,F,175,3
787,2013,primaria,4,A,49,27
788,2009,basicos,2,B,203,55
789,2015,diversificado,3,C,278,27
790,1995,primaria,1,D,45,23
791,2009,basicos,3,E,304,4
792,2005,diversificado,2,F,158,30
793,2017,primaria,2,A,466,14
794,2004,basicos,2,B,436,15
795,2011,diversificado,1,C,440,16
796,1994,primaria,4,D,98,64
797,2012,basicos,3,E,10,50
798,2006,diversificado,1,F,183,7
799,1991,primaria,5,A,278,22
800,2012,basicos,3,B,432,63
801,2014,diversificado,3,C,135,17
802,2018,primaria,6,D,473,43
803,2003,basicos,3,E,93,15
804,1994,diversificado,3,F,100,40
805,2001,primaria,3,A,300,66
806,2004,basicos,1,B,420,9
807,1997,diversificado,3,C,98,7
808,1999,primaria,6,D,428,5
809,2012,basicos,2,E,55,67
810,2012,diversificado,1,F,473,71
811,1993,primaria,4,A,293,48
812,2014,basicos,2,B,288,3
813,1995,diversificado,3,C,156,40
814,1999,primaria,5,D,80,10
815,2012,basicos,2,E,362,10
816,2015,diversificado,3,F,260,37
817,1996,primaria,4,A,243,52
818,2000,basicos,3,B,1,32
819,2013,diversificado,2,C,331,22
820,2015,primaria,4,D,227,57
821,1994,basicos,3,E,50,22
822,2008,diversificado,2,F,114,42
823,1995,primaria,4,A,256,40
824,2014,basicos,3,B,62,68
825,2013,diversificado,1,C,294,29
826,1991,primaria,5,D,253,39
827,1996,basicos,2,E,488,17
828,1999,diversificado,2,F,268,39
829,2001,primaria,3,A,134,63
830,1994,basicos,2,B,275,48
831,2008,diversificado,2,C,392,51
832,1990,primaria,1,D,214,11
833,1997,basicos,2,E,180,34
834,1991,diversificado,2,F,406,4
835,1992,primaria,2,A,120,10
836,2015,basicos,3,B,447,24
837,1998,diversificado,3,C,435,16
838,2009,primaria,3,D,287,29
839,2012,basicos,2,E,328,35
840,2011,diversificado,2,F,264,35
841,2005,primaria,4,A,476,26
842,2004,basicos,1,B,162,68
843,1999,diversificado,3,C,190,37
844,2003,primaria,5,D,371,53
845,2020,basicos,2,E,203,5
846,2003,diversificado,1,F,86,60
847,2007,primaria,5,A,198,2
848,2017,basicos,1,B,333,1
849,2006,diversificado,2,C,72,60
850,1993,primaria,2,D,316,53
851,1997,basicos,1,E,281,9
852,1996,diversificado,3,F,163,2
853,2000,primaria,5,A,477,54
854,2014,basicos,2,B,345,17
855,1992,diversificado,1,C,156,18
856,2010,primaria,2,D,81,32
857,2009,basicos,1,E,79,36
858,2015,diversificado,1,F,83,60
859,2011,primaria,2,A,288,23
860,2011,basicos,1,B,266,23
861,2008,diversificado,3,C,120,38
862,2009,primaria,3,D,181,36
863,2005,basicos,3,E,279,19
864,1997,diversificado,1,F,170,61
865,2009,primaria,4,A,294,6
866,2014,basicos,1,B,72,28
867,2005,diversificado,3,C,308,47
868,2008,primaria,4,D,197,35
869,2014,basicos,3,E,335,34
870,2008,diversificado,1,F,375,64
871,2020,primaria,1,A,93,13
872,2012,basicos,3,B,407,53
873,2020,diversificado,1,C,373,55
874,1997,primaria,4,D,78,24
875,1999,basicos,3,E,271,67
876,1997,diversificado,1,F,303,59
877,1999,primaria,4,A,269,31
878,2016,basicos,3,B,156,34
879,2018,diversificado,3,C,219,69
880,2006,primaria,4,D,65,15
881,1993,basicos,1,E,492,8
882,2014,diversificado,3,F,88,16
883,1994,primaria,3,A,329,14
884,2008,basicos,3,B,144,56
885,1992,diversificado,1,C,264,23
886,2003,primaria,3,D,415,53
887,2020,basicos,1,E,96,24
888,2008,diversificado,1,F,56,3
889,1990,primaria,4,A,47,45
890,1994,basicos,1,B,480,22
891,2006,diversificado,2,C,498,64
892,2018,primaria,5,D,455,39
893,2005,basicos,1,E,2,26
894,2005,diversificado,2,F,182,60
895,1993,primaria,5,A,273,14
896,2013,basicos,2,B,68,67
897,1995,diversificado,2,C,21,59
898,2014,primaria,1,D,45,48
899,2009,basicos,1,E,211,1
900,2005,diversificado,3,F,41,30
901,1993,primaria,5,A,394,71
902,2011,basicos,1,B,59,58
903,2003,diversificado,2,C,467,21
904,2008,primaria,3,D,147,3
905,2000,basicos,2,E,235,22
906,1998,diversificado,1,F,185,10
907,2009,primaria,2,A,94,20
908,1996,basicos,1,B,38,62
909,2002,diversificado,1,C,452,32
910,2020,primaria,1,D,32,12
911,2020,basicos,1,E,180,63
912,1991,diversificado,1,F,433,12
913,2009,primaria,3,A,196,59
914,1999,basicos,3,B,293,46
915,2000,diversificado,1,C,51,29
916,2014,primaria,3,D,160,68
917,1997,basicos,3,E,324,72
918,1996,diversificado,3,F,197,60
919,1997,primaria,1,A,500,27
920,2002,basicos,3,B,190,53
921,1997,diversificado,2,C,130,21
922,2014,primaria,5,D,443,39
923,2012,basicos,1,E,19,16
924,2001,diversificado,1,F,53,48
925,2003,primaria,2,A,433,48
926,1990,basicos,1,B,162,10
927,2006,diversificado,2,C,317,38
928,2002,primaria,2,D,320,48
929,2017,basicos,2,E,438,50
930,2006,diversificado,2,F,104,23
931,1994,primaria,3,A,282,62
932,2011,basicos,3,B,463,46
933,1994,diversificado,1,C,235,48
934,1998,primaria,5,D,262,68
935,1993,basicos,3,E,155,18
936,2012,diversificado,1,F,358,27
937,2006,primaria,6,A,62,57
938,1996,basicos,1,B,21,4
939,2017,diversificado,1,C,340,26
940,2009,primaria,6,D,386,49
941,1999,basicos,2,E,166,52
942,1993,diversificado,1,F,357,5
943,1995,primaria,2,A,278,23
944,2020,basicos,3,B,13,58
945,2015,diversificado,3,C,446,28
946,2007,primaria,1,D,290,21
947,2014,basicos,1,E,394,24
948,2004,diversificado,1,F,174,57
949,2012,primaria,3,A,421,14
950,1996,basicos,1,B,215,6
951,1994,diversificado,2,C,241,31
952,2007,primaria,4,D,89,59
953,1995,basicos,2,E,213,8
954,1996,diversificado,1,F,225,21
955,2013,primaria,2,A,91,13
956,1999,basicos,3,B,432,42
957,2015,diversificado,3,C,437,35
958,2006,primaria,2,D,88,64
959,2007,basicos,1,E,4,53
960,1994,diversificado,1,F,319,15
961,2004,primaria,4,A,244,16
962,1995,basicos,3,B,34,70
963,2008,diversificado,2,C,18,42
964,2012,primaria,5,D,73,51
965,1991,basicos,1,E,95,8
966,2006,diversificado,2,F,354,55
967,2002,primaria,3,A,273,11
968,1994,basicos,1,B,161,25
969,1994,diversificado,1,C,444,25
970,1998,primaria,4,D,440,55
971,1994,basicos,3,E,380,70
972,2017,diversificado,2,F,294,15
973,2017,primaria,3,A,459,8
974,1990,basicos,1,B,50,59
975,1991,diversificado,2,C,356,37
976,2008,primaria,4,D,261,5
977,1999,basicos,3,E,416,65
978,2016,diversificado,1,F,144,15
979,2019,primaria,1,A,17,61
980,2019,basicos,3,B,309,49
981,2000,diversificado,3,C,459,70
982,2001,primaria,3,D,104,36
983,2014,basicos,2,E,447,63
984,2019,diversificado,2,F,498,64
985,1992,primaria,6,A,185,33
986,1990,basicos,2,B,194,38
987,1992,diversificado,2,C,171,31
988,2000,primaria,5,D,65,25
989,1996,basicos,2,E,130,33
990,2006,diversificado,1,F,218,54
991,1993,primaria,5,A,14,54
992,1996,basicos,3,B,95,38
993,2016,diversificado,2,C,19,9
994,1995,primaria,1,D,389,69
995,2012,basicos,3,E,36,44
996,1999,diversificado,2,F,177,44
997,2002,primaria,5,A,175,14
998,2001,basicos,1,B,328,51
999,2005,diversificado,2,C,401,26
1000,2018,primaria,1,D,186,25
